repo,numberOfLogicalLines,numberOfPhysicalLines,numberOfStrictModeGlobal,numberOfStrictModeLocal,numberOfWindowOnError,numberOfWindowOnErrorLines,numberOfWindowOnErrorEmptyHandler,numberOfWindowOnErrorOnNoUsageOfErrorArgument,numberOfWindowOnErrorUniqueStatement,numberOfWindowOnErrorUniqueConsole,numberOfWindowOnErrorThrows,numberOfWindowOnErrorThatThrows,numberOfWindowOnErrorRethrows,numberOfWindowOnErrorThatRethrows,numberOfWindowOnErrorReturns,numberOfWindowAddEventListener,numberOfWindowAddEventListenerLines,numberOfWindowAddEventListenerEmptyHandler,numberOfWindowAddEventListenerNoUsageOfErrorArgument,numberOfWindowAddEventListenerThatThrows,numberOfWindowAddEventListenerRethrows,numberOfWindowAddEventListenerThatRethrows,numberOfWindowAddEventListenerUniqueStatement,numberOfWindowAddEventListenerUniqueConsole,numberOfWindowAddEventListenerThrows,numberOfWindowAddEventListenerReturns,numberOfElementOnError,numberOfElementOnErrorLines,numberOfElementOnErrorEmptyHandler,numberOfElementOnErrorOnNoUsageOfErrorArgument,numberOfElementOnErrorUniqueStatement,numberOfElementOnErrorUniqueConsole,numberOfElementOnErrorThrows,numberOfElementOnErrorThatThrows,numberOfElementOnErrorRethrows,numberOfElementOnErrorThatRethrows,numberOfElementOnErrorReturns,tryCatchNumberOfTries,tryCatchNumberOfEmptyTries,tryCatchNumberOfTriesLines,tryCatchNumberOfTriesWithUniqueStatement,tryCatchNumberOfCatches,tryCatchNumberOfEmptyCatches,tryCatchNumberOfCatchesNoUsageOfErrorArgument,tryCatchNumberOfCatchesLines,tryCatchNumberOfCatchesWithUniqueConsole,tryCatchNumberOfCatchesWithUniqueStatement,tryCatchNumberOfContinuesOnCatches,tryCatchNumberOfThrowErrorsOnCatches,tryCatchNumberOfCatchesThatThrows,tryCatchNumberOfRethrowsOnCatches,tryCatchNumberOfCatchesThatRethrows,tryCatchNumberOfThrows,tryCatchNumberOfThrowsLiteral,tryCatchNumberOfThrowsErrorObjects,tryCatchNumberOfThrowPrimitiveTypesOnCatches,tryCatchNumberOfReturnsOnCatches,tryCatchNumberOfReturnsAnErrorOnCatches,tryCatchNumberOfBreaksOnCatches,tryCatchNumberOfBreaksOnCatchesUniqueStatement,tryCatchNumberOfFinallies,tryCatchNumberOfFinalliesLines,promiseNumberOfPromises,promiseNumberOfResolves,promiseNumberOfRejects,promiseNumberOfPromiseThens,promiseNumberOfPromiseThenFulfilledLines,promiseNumberOfPromiseThenRejectedLines,promiseNumberOfPromiseCatches,promiseNumberOfPromiseCatchesLines,promiseNumberOfEmptyFunctionsOnPromiseCatches,promiseNumberOfFunctionsOnCatchesNoUsageOfErrorArgument,promiseNumberOfCatchesWithNoArg,promiseNumberOfCatchesFunctionWithNoArg,promiseNumberOfCatchesWithUniqueConsole,promiseNumberOfCatchesWithUniqueStatement,promiseNumberOfThrowErrorsOnCatches,promiseNumberOfPromisesThatThrows,promiseNumberOfRethrowsOnCatches,promiseNumberOfPromisesThatRethrows,promiseNumberOfThrowPrimitiveTypesOnCatches,promiseNumberOfReturnsOnCatches,promiseNumberOfReturnsAnErrorOnCatches,promiseNumberOfBreaksOnCatches,promiseNumberOfChainingCatches,promiseNumberOfNonCaughtPromises,promiseNumberOfPromiseRaces,promiseNumberOfPromiseAll,asyncAwaitNumberOfAsyncs,asyncAwaitNumberOfAwaits,asyncAwaitNumberOfTries,asyncAwaitNumberOfTriesLines,asyncAwaitNumberOfCatches,asyncAwaitNumberOfEmptyCatches,asyncAwaitNumberOfCatchesNoUsageOfErrorArgument,asyncAwaitNumberOfCatchesLines,asyncAwaitNumberOfCatchesWithUniqueConsole,asyncAwaitNumberOfCatchesWithUniqueStatement,asyncAwaitNumberOfCatchesThrowError,asyncAwaitNumberOfAwaitErrorArgsOnCatches,asyncAwaitNumberOfCatchesThatThrows,asyncAwaitNumberOfCatchesRethrowError,asyncAwaitNumberOfCatchesThatThrowsNonErrorArg,asyncAwaitNumberOfThrowErrorsOnCatches,asyncAwaitNumberOfThrowsNonErrorArg,asyncAwaitNumberOfRethrowsOnCatches,asyncAwaitNumberOfCatchesThatRethrows,asyncAwaitNumberOfReturnsOnCatches,asyncAwaitNumberOfReturnsAnErrorOnCatches,asyncAwaitNumberOfCatchesThatReturnsAnError,asyncAwaitNumberOfBreaksOnCatches,asyncAwaitNumberOfBreaksOnCatchesUniqueStatement,asyncAwaitNumberOfFinallies,asyncAwaitNumberOfFinalliesLines,eventsNumberOfEventMethodsOn,eventsNumberOfEventMethodsOnce,eventsNumberOfEventMethodsEmit,eventsNumberOfEventOnLines,eventsNumberOfEventOnEmptyFunctions,eventsNumberOfEventOnNoUsageOfErrorArgument,eventsNumberOfEventOnWithUniqueConsole,eventsNumberOfEventOnWithUniqueStatement,eventsNumberOfEventOnceLines,eventsNumberOfEventOnceEmptyFunctions,eventsNumberOfEventOnceNoUsageOfErrorArgument,eventsNumberOfEventOnceWithUniqueConsole,eventsNumberOfEventOnceWithUniqueStatement,eventsNumberOfEventEmitLines,eventsNumberOfThrowErrorsOnCatches,eventsNumberOfEventsThatThrows,eventsNumberOfThrowPrimitiveTypesOnCatches,eventsNumberOfReturnsOnCatches,eventsNumberOfReturnsAnErrorOnCatches,eventsNumberOfBreaksOnCatches,eventsNumberOfRethrowsOnCatches,eventsNumberOfEventsThatRethrows,eventsNumberOfEventUncaughtException,eventsNumberOfEventUncaughtExceptionLines,eventsNumberOfUncaughtExceptionEmpty,eventsNumberOfUncaughtExceptionNoUsageOfErrorArgument,eventsNumberOfUncaughtExceptionWithUniqueStatement,eventsNumberOfUncaughtExceptionWithUniqueConsole,eventsNumberOfUncaughtExceptionReturns,eventsNumberOfUncaughtExceptionThrows,eventsNumberOfEventUnhandledRejection,eventsTotalOfStringEvents,eventsTotalOfEventsExceptStringType,callbacksNumberOfCallbackErrorFunctions,callbacksNumberOfFirstErrorArgFunctions,callbacksNumberOfEmptyCallbacks,callbacksNumberOfFunctionsNoUsageOfErrorArgument,callbacksNumberOfFunctionsWithUniqueConsole,callbacksNumberOfFunctionsWithUniqueStatement,callbacksNumberOfFunctionsWithUniqueErrorArg,callbacksNumberOfEmptyFunctionsWithUniqueErrorArg,callbacksNumberOfFunctionsNoUsageOfErrorArgumentWithUniqueErrorArg,callbacksNumberOfFunctionsWithUniqueErrorArgWithUniqueConsole,callbacksNumberOfFunctionsWithUniqueErrorArgWithUniqueStatement,callbacksNumberOfLinesOfFunctionsWithUniqueErrorArg,callbacksNumberOfThrows,callbacksNumberOfCallbacksThatThrows,callbacksNumberOfRethrows,callbacksNumberOfCallbacksThatRethrows,callbacksNumberOfReturnsOnCatches,callbacksNumberOfReturnsAnErrorOnCatches,callbacksNumberOfCatchesThatReturns,callbacksNumberOfCatchesThatReturnsAnErrorOnCatches,callbacksNumberOfBreaksOnCatches,callbacksNumberOfLines,asyncAwaitNumberOfCatchesThatReturns
handlebars.js.csv,11272,11273,0,1,0,0,0,0,0,0,0,0,0,0,0,0,0,0,0,0,0,0,0,0,0,0,0,0,0,0,0,0,0,0,0,0,0,26,0,65,16,24,1,0,75,0,15,0,8,7,6,6,3,0,0,0,8,5,0,0,2,8,0,6,0,0,0,0,0,0,0,0,0,0,0,0,0,0,0,0,0,0,0,0,0,0,0,0,0,0,0,0,0,0,0,0,0,0,0,0,0,0,0,0,0,0,0,0,0,0,0,0,0,0,0,0,5,0,0,0,0,0,0,0,0,0,0,0,0,0,0,0,0,0,0,0,0,0,0,0,0,0,0,0,0,15,1,47,43,0,4,0,24,13,0,0,0,4,42,16,14,14,13,18,6,10,5,0,355,
jsdom.csv,83300,83696,301,0,1,20,0,0,0,0,0,0,0,0,1,1,1,0,0,0,0,0,1,0,0,0,0,0,0,0,0,0,0,0,0,0,0,706,0,2212,558,699,188,100,1278,0,469,0,9,9,7,7,7,0,2,0,58,9,0,0,37,134,21,86,9,86,350,4,2,6,0,0,0,0,0,0,0,0,0,0,0,2,0,0,0,4,0,5,0,0,0,0,0,0,0,0,0,0,0,0,0,0,0,0,0,0,0,0,0,0,0,0,0,0,25,0,15,82,1,2,0,0,0,0,0,0,0,0,0,0,0,3,3,0,0,0,0,0,0,0,0,0,0,0,0,108,17,228,187,0,20,0,35,67,0,0,0,18,278,2,2,2,2,94,37,55,32,4,2016,
eslint.csv,189890,195057,715,16,0,0,0,0,0,0,0,0,0,0,0,0,0,0,0,0,0,0,0,0,0,0,0,0,0,0,0,0,0,0,0,0,0,211,0,1409,115,178,38,46,568,0,64,1,62,59,57,57,52,0,0,0,51,8,0,0,39,164,21,190,2,37,256,0,0,0,0,0,0,0,0,0,0,0,0,0,0,0,0,0,0,0,0,9,1,1,0,0,0,0,0,0,0,0,0,0,0,0,0,0,0,0,0,0,0,0,0,0,0,0,1,0,0,1,0,0,0,0,0,0,0,0,0,0,0,0,0,0,0,0,0,0,0,0,0,0,0,0,0,0,0,51,14,40,32,0,1,0,26,27,0,0,0,17,103,1,1,1,1,42,20,29,20,0,219,
store.js.csv,2530,2530,0,1,0,0,0,0,0,0,0,0,0,0,0,0,0,0,0,0,0,0,0,0,0,0,0,0,0,0,0,0,0,0,0,0,0,7,0,24,4,7,0,7,12,0,6,0,0,0,0,0,0,0,0,0,3,0,0,0,0,0,0,0,0,0,0,0,0,0,0,0,0,0,0,0,0,0,0,0,0,0,0,0,0,0,0,0,0,0,0,0,0,0,0,0,0,0,0,0,0,0,0,0,0,0,0,0,0,0,0,0,0,0,0,0,0,0,0,0,0,0,0,0,0,0,0,0,0,0,0,0,0,0,0,0,0,0,0,0,0,0,0,0,0,1,4,8,8,0,1,0,7,2,0,0,0,0,16,5,3,2,2,11,6,5,5,0,71,
nightwatch.csv,24456,24456,0,0,0,0,0,0,0,0,0,0,0,0,0,0,0,0,0,0,0,0,0,0,0,0,0,0,0,0,0,0,0,0,0,0,0,78,0,365,36,78,11,11,167,1,44,0,7,7,6,6,7,0,1,0,14,6,0,0,0,0,70,92,36,126,614,0,60,225,0,4,0,0,1,25,12,11,11,10,0,25,16,0,8,14,0,7,0,0,0,0,0,0,0,0,0,0,0,0,0,0,0,0,0,0,0,0,0,0,0,0,0,0,14,4,11,45,0,2,0,0,8,0,1,0,0,0,0,0,0,0,0,0,0,0,2,2,0,0,2,0,0,0,1,131,1,189,147,2,15,2,85,137,2,7,1,41,505,15,14,13,12,97,55,72,48,0,1061,
loopback.csv,25950,25955,117,0,0,0,0,0,0,0,0,0,0,0,0,0,0,0,0,0,0,0,0,0,0,0,0,0,0,0,0,0,0,0,0,0,0,26,0,148,12,26,4,0,55,0,16,0,1,1,1,1,1,0,0,0,16,14,0,0,0,0,33,15,1,241,827,57,30,42,0,0,0,0,0,11,1,1,0,0,0,0,0,0,0,4,0,18,0,0,0,0,0,0,0,0,0,0,0,0,0,0,0,0,0,0,0,0,0,0,0,0,0,0,0,3,1,0,0,0,0,0,5,0,0,0,0,0,0,0,0,0,0,0,0,0,0,0,0,0,0,0,0,0,0,67,2,996,992,0,142,1,666,182,0,6,0,31,1019,1,1,0,0,973,872,640,622,4,6474,
javascript-state-machine.csv,8441,8441,8,22,0,0,0,0,0,0,0,0,0,0,0,0,0,0,0,0,0,0,0,0,0,0,0,0,0,0,0,0,0,0,0,0,0,0,0,0,0,0,0,0,0,0,0,0,0,0,0,0,0,0,0,0,0,0,0,0,0,0,10,5,1,5,2,0,4,0,0,0,0,0,0,0,0,0,0,0,0,0,0,0,0,1,0,0,0,0,0,0,0,0,0,0,0,0,0,0,0,0,0,0,0,0,0,0,0,0,0,0,0,0,0,0,0,0,0,0,0,0,0,0,0,0,0,0,0,0,0,0,0,0,0,0,0,0,0,0,0,0,0,0,0,0,0,10,0,1,8,0,0,0,0,0,0,0,0,0,0,0,0,22,0,3,0,0,328,
mocha.csv,13870,13925,211,3,0,0,0,0,0,0,0,0,0,0,0,0,0,0,0,0,0,0,0,0,0,0,0,0,0,0,0,0,0,0,0,0,0,45,0,175,18,45,3,8,207,0,20,0,1,1,0,0,1,0,1,0,26,2,0,0,0,0,0,3,0,1,2,1,0,0,0,0,0,0,0,0,0,0,0,0,0,0,0,0,0,1,0,0,0,0,0,0,0,0,0,0,0,0,0,0,0,0,0,0,0,0,0,0,0,0,0,0,0,0,4,0,2,16,0,0,0,0,0,0,0,0,0,0,0,0,0,0,0,0,0,0,2,0,0,0,0,0,0,0,0,159,0,152,121,0,6,2,26,40,0,0,0,7,279,3,3,3,3,129,26,90,21,0,1140,
json-server.csv,0,34,0,0,0,0,0,0,0,0,0,0,0,0,0,0,0,0,0,0,0,0,0,0,0,0,0,0,0,0,0,0,0,0,0,0,0,0,0,0,0,0,0,0,0,0,0,0,0,0,0,0,0,0,0,0,0,0,0,0,0,0,0,0,0,0,0,0,0,0,0,0,0,0,0,0,0,0,0,0,0,0,0,0,0,0,0,0,0,0,0,0,0,0,0,0,0,0,0,0,0,0,0,0,0,0,0,0,0,0,0,0,0,0,0,0,0,0,0,0,0,0,0,0,0,0,0,0,0,0,0,0,0,0,0,0,0,0,0,0,0,0,0,0,0,0,0,0,0,0,0,0,0,0,0,0,0,0,0,0,0,0,0,0,0,0,0,0,0,
nuxt.js.csv,8163.0,8217.0,0.0,0.0,0.0,0.0,0.0,0.0,0.0,0.0,0.0,0.0,0.0,0.0,0.0,0.0,0.0,0.0,0.0,0.0,0.0,0.0,0.0,0.0,0.0,0.0,0.0,0.0,0.0,0.0,0.0,0.0,0.0,0.0,0.0,0.0,0.0,3.0,0.0,72.0,0.0,2.0,0.0,0.0,8.0,0.0,1.0,0.0,1.0,1.0,1.0,1.0,0.0,0.0,0.0,0.0,1.0,1.0,0.0,0.0,1.0,1.0,25.0,84.0,8.0,14.0,104.0,0.0,6.0,10.0,0.0,0.0,0.0,1.0,0.0,5.0,0.0,0.0,0.0,0.0,0.0,1.0,0.0,0.0,0.0,4.0,1.0,3.0,4.0,418.0,2.0,68.0,1.0,0.0,0.0,5.0,0.0,0.0,0.0,0.0,0.0,0.0,0.0,0.0,0.0,0.0,0.0,1.0,1.0,1.0,0.0,0.0,1.0,1.0,2.0,0.0,0.0,2.0,0.0,0.0,0.0,0.0,0.0,0.0,0.0,0.0,0.0,0.0,0.0,0.0,0.0,0.0,0.0,0.0,0.0,0.0,0.0,0.0,0.0,0.0,0.0,0.0,0.0,0.0,0.0,24.0,0.0,30.0,20.0,0.0,2.0,0.0,16.0,15.0,0.0,0.0,0.0,9.0,60.0,1.0,1.0,1.0,1.0,28.0,20.0,16.0,13.0,0.0,191.0,0.0
sinon.csv,825888,825889,128,4396,0,0,0,0,0,0,0,0,0,0,0,0,0,0,0,0,0,0,0,0,0,0,0,0,0,0,0,0,0,0,0,0,0,11466,0,47995,6236,10907,3596,2728,16372,0,7212,0,514,514,514,514,451,0,0,0,2924,14,0,0,1320,3440,35,116,73,27,36,0,9,18,0,0,0,0,0,7,0,0,0,0,0,0,0,0,0,9,0,0,1,3,0,0,0,0,0,0,0,0,0,0,0,0,0,0,0,0,0,0,0,0,0,0,0,0,1,0,0,1,0,0,0,0,0,0,0,0,0,0,1,1,0,0,0,0,1,1,0,0,0,0,0,0,0,0,0,2,5,1463,595,1,488,1,428,429,0,0,0,23,1770,239,239,83,83,1382,444,1131,358,2,10010,
nodemon.csv,4362,4805,24,0,0,0,0,0,0,0,0,0,0,0,0,0,0,0,0,0,0,0,0,0,0,0,0,0,0,0,0,0,0,0,0,0,0,14,0,78,3,14,6,6,29,0,4,0,0,0,0,0,0,0,0,0,1,0,0,0,0,0,5,70,2,11,50,0,10,16,0,0,0,3,0,3,3,3,3,3,0,3,0,0,0,2,0,1,0,0,0,0,0,0,0,0,0,0,0,0,0,0,0,0,0,0,0,0,0,0,0,0,0,0,5,0,5,18,1,1,0,0,0,0,0,0,0,0,1,1,0,0,0,0,1,1,0,0,0,0,0,0,0,0,0,179,6,24,22,0,7,0,5,9,0,0,0,1,34,4,4,4,4,13,5,8,4,0,161,
meteor.csv,196284,196674,9,20,2,5,0,2,0,0,0,0,0,0,0,0,0,0,0,0,0,0,0,0,0,0,0,0,0,0,0,0,0,0,0,0,0,664,0,3584,360,557,113,123,1748,2,248,4,172,167,137,137,71,0,6,0,163,7,0,0,137,434,95,96,34,51,328,29,19,37,0,1,0,3,0,10,2,2,2,2,0,8,2,0,2,12,3,10,8,36,0,0,0,0,0,0,0,0,0,0,0,0,0,0,0,0,0,0,0,0,0,0,0,0,11,0,1,50,1,2,0,0,0,0,0,0,0,0,1,1,0,3,0,0,1,1,0,0,0,0,0,0,0,0,0,223,30,668,554,0,95,6,187,275,0,18,5,104,1185,50,42,24,24,333,58,160,47,129,9015,
RxJS.csv,14748,15039,9,2,0,0,0,0,0,0,0,0,0,0,0,0,0,0,0,0,0,0,0,0,0,0,0,0,0,0,0,0,0,0,0,0,0,40,0,389,5,35,1,2,109,4,27,0,12,12,12,12,8,0,7,0,4,0,0,0,5,15,18,105,6,69,161,7,10,29,0,0,0,6,0,4,0,0,0,0,0,6,0,0,0,36,0,8,0,0,0,0,0,0,0,0,0,0,0,0,0,0,0,0,0,0,0,0,0,0,0,0,0,0,2,0,0,4,0,0,0,0,0,0,0,0,0,0,1,1,0,0,0,0,1,1,0,0,0,0,0,0,0,0,0,9,4,186,184,168,2,1,6,181,168,0,0,2,82,1,1,1,1,10,5,6,4,0,126,
electron.csv,26625,26788,48,0,1,6,0,0,0,0,0,0,0,0,1,0,0,0,0,0,0,0,0,0,0,0,0,0,0,0,0,0,0,0,0,0,0,100,0,360,60,95,19,23,185,2,59,0,7,7,6,6,4,0,0,0,15,3,0,0,5,9,53,65,14,101,411,2,18,57,0,0,0,1,2,6,0,0,0,0,0,4,3,0,2,37,1,9,4,127,0,0,0,0,0,0,0,0,0,0,0,0,0,0,0,0,0,0,0,0,0,0,0,0,29,13,3,74,2,10,0,0,33,0,0,0,0,0,1,1,0,3,2,0,1,1,10,22,0,2,4,0,1,0,1,775,50,344,259,0,35,4,121,163,0,1,3,36,1025,8,7,7,7,188,142,133,118,0,2029,
sockjs-node.csv,275,275,0,0,0,0,0,0,0,0,0,0,0,0,0,0,0,0,0,0,0,0,0,0,0,0,0,0,0,0,0,0,0,0,0,0,0,0,0,0,0,0,0,0,0,0,0,0,0,0,0,0,0,0,0,0,0,0,0,0,0,0,0,0,0,0,0,0,0,0,0,0,0,0,0,0,0,0,0,0,0,0,0,0,0,0,0,0,0,0,0,0,0,0,0,0,0,0,0,0,0,0,0,0,0,0,0,0,0,0,0,0,0,0,0,0,0,0,0,0,0,0,0,0,0,0,0,0,0,0,0,0,0,0,0,0,0,0,0,0,0,0,0,0,0,28,0,1,1,0,1,0,0,1,0,1,0,0,7,0,0,0,0,0,0,0,0,0,7,
sails.csv,27217,27415,0,1,0,0,0,0,0,0,0,0,0,0,0,0,0,0,0,0,0,0,0,0,0,0,0,0,0,0,0,0,0,0,0,0,0,457,0,3512,175,457,23,25,1416,0,381,0,94,75,59,59,63,0,34,0,365,319,2,0,0,0,0,206,1,3,16,0,5,7,0,0,0,0,0,5,0,0,0,0,0,1,1,0,0,0,0,0,0,0,0,0,0,0,0,0,0,0,0,0,0,0,0,0,0,0,0,0,0,0,0,0,0,0,6,0,2,19,0,0,0,0,0,0,0,0,0,0,0,0,0,7,5,0,0,0,0,0,0,0,0,0,0,0,0,98,4,893,890,0,41,2,598,268,0,4,0,15,3272,20,13,8,7,1657,829,750,603,7,7160,
forever.csv,1592,1592,0,0,0,0,0,0,0,0,0,0,0,0,0,0,0,0,0,0,0,0,0,0,0,0,0,0,0,0,0,0,0,0,0,0,0,5,0,10,5,5,4,0,7,0,0,0,0,0,0,0,0,0,0,0,3,1,0,0,0,0,0,7,0,0,0,0,0,0,0,0,0,0,0,0,0,0,0,0,0,0,0,0,0,0,0,0,0,0,0,0,0,0,0,0,0,0,0,0,0,0,0,0,0,0,0,0,0,0,0,0,0,0,9,0,4,32,0,4,0,0,0,0,0,0,0,0,0,0,0,1,0,0,0,0,0,0,0,0,0,0,0,0,0,45,1,49,49,0,9,0,13,13,0,1,0,4,63,0,0,0,0,25,14,15,13,0,312,
hapi.csv,24473,24548,36,0,0,0,0,0,0,0,0,0,0,0,0,0,0,0,0,0,0,0,0,0,0,0,0,0,0,0,0,0,0,0,0,0,0,15,0,59,9,15,1,2,43,0,8,0,3,3,0,0,3,0,0,0,6,0,0,0,0,0,44,34,52,0,0,0,0,0,0,0,0,0,0,0,0,0,0,0,0,0,0,0,0,0,0,7,0,1355,0,0,0,0,0,0,0,0,0,0,0,0,0,0,0,0,0,0,0,0,0,0,0,0,6,0,4,18,1,0,0,0,0,0,0,0,0,0,0,0,0,0,0,0,0,0,0,0,0,0,0,0,0,0,0,111,24,35,13,0,9,0,1,5,0,0,0,1,12,3,3,2,2,35,12,26,12,0,185,
PapaParse.csv,3849,3849,1,1,0,0,0,0,0,0,0,0,0,0,0,0,0,0,0,0,0,0,0,0,0,0,0,0,0,0,0,0,0,0,0,0,0,9,0,33,6,9,0,0,27,0,6,0,3,3,3,3,0,0,0,0,0,0,0,0,0,0,0,0,0,0,0,0,0,0,0,0,0,0,0,0,0,0,0,0,0,0,0,0,0,0,0,0,0,0,0,0,0,0,0,0,0,0,0,0,0,0,0,0,0,0,0,0,0,0,0,0,0,0,0,0,0,0,0,0,0,0,0,0,0,0,0,0,0,0,0,0,0,0,0,0,0,0,0,0,0,0,0,0,0,7,0,13,12,0,0,0,4,11,0,0,0,3,83,1,1,1,1,0,0,0,0,1,100,
mongo-express.csv,2773,2773,28,0,0,0,0,0,0,0,0,0,0,0,0,0,0,0,0,0,0,0,0,0,0,0,0,0,0,0,0,0,0,0,0,0,0,21,0,70,12,21,2,1,63,0,3,0,0,0,0,0,0,0,0,0,17,0,0,0,0,0,6,2,1,17,54,0,0,0,0,0,0,0,0,0,0,0,0,0,0,0,0,0,0,0,0,4,0,0,0,0,0,0,0,0,0,0,0,0,0,0,0,0,0,0,0,0,0,0,0,0,0,0,1,0,0,3,0,0,0,0,0,0,0,0,0,0,0,0,0,0,0,0,0,0,0,0,0,0,0,0,0,0,0,12,0,45,44,0,3,3,5,22,0,0,0,0,209,1,1,1,1,42,1,29,1,0,506,
yarn.csv,0,447,0,0,0,0,0,0,0,0,0,0,0,0,0,0,0,0,0,0,0,0,0,0,0,0,0,0,0,0,0,0,0,0,0,0,0,0,0,0,0,0,0,0,0,0,0,0,0,0,0,0,0,0,0,0,0,0,0,0,0,0,0,0,0,0,0,0,0,0,0,0,0,0,0,0,0,0,0,0,0,0,0,0,0,0,0,0,0,0,0,0,0,0,0,0,0,0,0,0,0,0,0,0,0,0,0,0,0,0,0,0,0,0,0,0,0,0,0,0,0,0,0,0,0,0,0,0,0,0,0,0,0,0,0,0,0,0,0,0,0,0,0,0,0,0,0,0,0,0,0,0,0,0,0,0,0,0,0,0,0,0,0,0,0,0,0,0,0,
bitcoinjs-lib.csv,5623,5623,1,0,0,0,0,0,0,0,0,0,0,0,0,0,0,0,0,0,0,0,0,0,0,0,0,0,0,0,0,0,0,0,0,0,0,2,0,4,2,2,2,0,0,0,0,0,0,0,0,0,0,0,0,0,0,0,0,0,0,0,0,0,0,0,0,0,0,0,0,0,0,0,0,0,0,0,0,0,0,0,0,0,0,0,0,0,0,0,0,0,0,0,0,0,0,0,0,0,0,0,0,0,0,0,0,0,0,0,0,0,0,0,0,0,0,0,0,0,0,0,0,0,0,0,0,0,0,0,0,0,0,0,0,0,0,0,0,0,0,0,0,0,0,0,0,32,31,0,0,0,27,11,0,0,0,0,103,4,4,4,4,51,46,30,27,0,301,
postcss.csv,3774,3823,23,0,0,0,0,0,0,0,0,0,0,0,0,0,0,0,0,0,0,0,0,0,0,0,0,0,0,0,0,0,0,0,0,0,0,4,0,8,2,4,0,0,16,0,4,0,3,3,3,3,0,0,0,0,0,0,0,0,0,0,7,16,2,19,43,0,6,22,0,0,0,0,0,1,2,2,2,2,0,1,0,0,1,2,0,0,0,0,0,0,0,0,0,0,0,0,0,0,0,0,0,0,0,0,0,0,0,0,0,0,0,0,0,0,0,0,0,0,0,0,0,0,0,0,0,0,0,0,0,0,0,0,0,0,0,0,0,0,0,0,0,0,0,0,0,8,6,0,0,0,3,6,0,0,0,1,19,2,2,2,2,1,0,1,0,0,26,
cheerio.csv,5428,5428,0,0,0,0,0,0,0,0,0,0,0,0,0,0,0,0,0,0,0,0,0,0,0,0,0,0,0,0,0,0,0,0,0,0,0,1,0,1,1,1,1,0,0,0,0,0,0,0,0,0,0,0,0,0,0,0,0,0,0,0,0,0,0,0,0,0,0,0,0,0,0,0,0,0,0,0,0,0,0,0,0,0,0,0,0,0,0,0,0,0,0,0,0,0,0,0,0,0,0,0,0,0,0,0,0,0,0,0,0,0,0,0,1,0,0,3,0,0,0,0,0,0,0,0,0,0,0,0,0,0,0,0,0,0,0,0,0,0,0,0,0,0,0,4,0,3,3,0,1,0,2,2,0,0,0,2,2,0,0,0,0,0,0,0,0,0,12,
metalsmith.csv,979,981,0,0,0,0,0,0,0,0,0,0,0,0,0,0,0,0,0,0,0,0,0,0,0,0,0,0,0,0,0,0,0,0,0,0,0,3,0,25,1,3,0,1,14,0,0,0,4,3,3,2,3,0,0,0,0,0,0,0,0,0,0,10,0,0,0,0,0,0,0,0,0,0,0,0,0,0,0,0,0,0,0,0,0,0,0,0,0,0,0,0,0,0,0,0,0,0,0,0,0,0,0,0,0,0,0,0,0,0,0,0,0,0,0,0,0,0,0,0,0,0,0,0,0,0,0,0,0,0,0,0,0,0,0,0,0,0,0,0,0,0,0,0,0,0,0,38,38,0,6,0,29,13,0,1,0,0,68,3,3,3,3,29,29,26,26,0,266,
nodemailer.csv,13808,13814,66,0,0,0,0,0,0,0,0,0,0,0,0,0,0,0,0,0,0,0,0,0,0,0,0,0,0,0,0,0,0,0,0,0,0,43,0,111,35,43,13,2,134,0,23,0,0,0,0,0,0,0,0,0,22,15,0,0,0,0,6,3,1,2,5,0,1,2,0,0,0,0,0,0,0,0,0,0,0,0,0,0,0,2,0,0,1,2,0,0,0,0,0,0,0,0,0,0,0,0,0,0,0,0,0,0,0,0,0,0,0,0,42,24,36,142,0,0,0,0,122,0,0,0,0,0,0,0,0,30,18,0,0,0,0,0,0,0,0,0,0,0,0,346,0,285,278,0,0,0,55,137,0,0,0,35,530,0,0,0,0,152,67,81,54,0,2125,
flowchart.js.csv,2932,2932,0,4,0,0,0,0,0,0,0,0,0,0,0,0,0,0,0,0,0,0,0,0,0,0,0,0,0,0,0,0,0,0,0,0,0,0,0,0,0,0,0,0,0,0,0,0,0,0,0,0,0,0,0,0,0,0,0,0,0,0,0,0,0,2,0,0,0,0,0,0,0,0,0,0,0,0,0,0,0,0,0,0,0,1,0,0,0,0,0,0,0,0,0,0,0,0,0,0,0,0,0,0,0,0,0,0,0,0,0,0,0,0,0,0,0,0,0,0,0,0,0,0,0,0,0,0,0,0,0,0,0,0,0,0,0,0,0,0,0,0,0,0,0,0,0,1,1,0,0,0,0,1,0,0,0,0,5,0,0,0,0,1,0,1,0,0,5,
mysql.csv,13027,13028,0,0,0,0,0,0,0,0,0,0,0,0,0,0,0,0,0,0,0,0,0,0,0,0,0,0,0,0,0,0,0,0,0,0,0,13,0,36,6,7,1,1,14,0,5,0,1,1,1,1,0,0,0,0,0,0,0,0,7,24,0,4,0,0,0,0,0,0,0,0,0,0,0,0,0,0,0,0,0,0,0,0,0,0,0,0,0,0,0,0,0,0,0,0,0,0,0,0,0,0,0,0,0,0,0,0,0,0,0,0,0,0,34,2,4,111,3,1,0,0,2,0,0,0,0,0,3,3,0,0,0,0,3,3,6,12,0,0,3,0,0,3,0,263,0,555,554,0,1,0,50,377,0,0,0,14,3260,65,46,33,27,31,1,24,1,0,3310,
lodash.csv,5333,5333,0,0,0,0,0,0,0,0,0,0,0,0,0,0,0,0,0,0,0,0,0,0,0,0,0,0,0,0,0,0,0,0,0,0,0,3,0,5,1,3,2,0,1,0,1,0,0,0,0,0,0,0,0,0,1,1,0,0,0,0,1,1,0,0,0,0,0,0,0,0,0,0,0,0,0,0,0,0,0,0,0,0,0,0,0,0,0,0,0,0,0,0,0,0,0,0,0,0,0,0,0,0,0,0,0,0,0,0,0,0,0,0,0,0,0,0,0,0,0,0,0,0,0,0,0,0,0,0,0,0,0,0,0,0,0,0,0,0,0,0,0,0,0,0,0,0,0,0,0,0,0,0,0,0,0,0,0,0,0,0,0,0,0,0,0,0,0,
http-server.csv,248,248,1,0,0,0,0,0,0,0,0,0,0,0,0,0,0,0,0,0,0,0,0,0,0,0,0,0,0,0,0,0,0,0,0,0,0,1,0,2,0,1,0,1,1,0,1,0,0,0,0,0,0,0,0,0,0,0,0,0,0,0,0,0,0,0,0,0,0,0,0,0,0,0,0,0,0,0,0,0,0,0,0,0,0,0,0,0,0,0,0,0,0,0,0,0,0,0,0,0,0,0,0,0,0,0,0,0,0,0,0,0,0,0,0,0,0,0,0,0,0,0,0,0,0,0,0,0,0,0,0,0,0,0,0,0,0,0,0,0,0,0,0,0,0,2,0,11,11,0,7,0,0,0,0,0,0,0,0,0,0,0,0,0,0,0,0,0,27,
winston.csv,3630,3630,39,0,0,0,0,0,0,0,0,0,0,0,0,0,0,0,0,0,0,0,0,0,0,0,0,0,0,0,0,0,0,0,0,0,0,20,0,46,16,20,3,0,41,0,17,0,1,1,1,1,1,0,0,0,4,4,0,0,1,1,0,1,0,0,0,0,0,0,0,0,0,0,0,0,0,0,0,0,0,0,0,0,0,0,0,0,0,0,0,0,0,0,0,0,0,0,0,0,0,0,0,0,0,0,0,0,0,0,0,0,0,0,10,1,12,32,0,0,0,0,4,0,0,0,0,0,0,0,0,5,3,0,0,0,3,2,0,0,0,0,0,0,0,90,0,33,31,0,1,0,14,19,0,0,0,5,106,2,1,2,1,33,13,17,13,0,290,
atom.csv,67021,67388,54,0,0,0,0,0,0,0,0,0,0,0,0,0,0,0,0,0,0,0,0,0,0,0,0,0,0,0,0,0,0,0,0,0,0,141,0,596,95,136,32,18,302,8,68,0,11,11,11,11,6,0,0,0,27,6,0,0,6,17,194,247,31,153,633,4,15,46,0,1,0,1,0,7,2,2,2,2,0,2,1,0,0,18,0,47,8,1125,0,0,0,0,0,0,0,0,0,0,0,0,0,0,0,0,0,0,0,0,0,0,0,0,10,0,11,25,1,3,0,0,0,0,0,0,0,19,0,0,0,3,2,0,0,0,2,7,0,1,1,0,1,0,2,405,43,162,126,1,6,3,66,86,0,0,0,39,402,15,13,9,9,140,69,92,62,5,1270,
locutus.csv,0,717,0,0,0,0,0,0,0,0,0,0,0,0,0,0,0,0,0,0,0,0,0,0,0,0,0,0,0,0,0,0,0,0,0,0,0,0,0,0,0,0,0,0,0,0,0,0,0,0,0,0,0,0,0,0,0,0,0,0,0,0,0,0,0,0,0,0,0,0,0,0,0,0,0,0,0,0,0,0,0,0,0,0,0,0,0,0,0,0,0,0,0,0,0,0,0,0,0,0,0,0,0,0,0,0,0,0,0,0,0,0,0,0,0,0,0,0,0,0,0,0,0,0,0,0,0,0,0,0,0,0,0,0,0,0,0,0,0,0,0,0,0,0,0,0,0,0,0,0,0,0,0,0,0,0,0,0,0,0,0,0,0,0,0,0,0,0,0,
iD.csv,59022,59088,0,1,0,0,0,0,0,0,0,0,0,0,0,0,0,0,0,0,0,0,0,0,0,0,0,0,0,0,0,0,0,0,0,0,0,42,0,185,16,42,13,19,98,0,21,0,0,0,0,0,0,0,0,0,0,0,0,0,0,0,5,2,0,7,34,0,5,12,0,0,0,0,2,2,0,0,0,0,0,0,0,0,0,2,0,2,0,0,0,0,0,0,0,0,0,0,0,0,0,0,0,0,0,0,0,0,0,0,0,0,0,0,4,0,0,8,0,4,0,0,0,0,0,0,0,0,0,0,0,0,0,0,0,0,0,0,0,0,0,0,0,0,0,958,91,113,111,0,21,3,60,28,0,0,2,13,94,0,0,0,0,100,32,59,30,0,1099,
docsify.csv,7070,7077,0,0,0,0,0,0,0,0,0,0,0,0,0,0,0,0,0,0,0,0,0,0,0,0,0,0,0,0,0,0,0,0,0,0,0,22,0,63,14,22,1,7,68,0,16,0,8,8,4,4,7,0,0,0,12,8,0,0,0,0,1,6,0,21,42,16,2,2,0,0,0,0,2,2,0,0,0,0,0,0,0,0,0,19,0,0,0,10,0,0,0,0,0,0,0,0,0,0,0,0,0,0,0,0,0,0,0,0,0,0,0,0,0,0,0,0,0,0,0,0,0,0,0,0,0,0,0,0,0,0,0,0,0,0,0,0,0,0,0,0,0,0,0,10,11,15,14,0,0,2,6,13,0,0,2,4,54,0,0,0,0,9,7,7,6,0,104,
koa.csv,3979,4097,71,0,0,0,0,0,0,0,0,0,0,0,0,0,0,0,0,0,0,0,0,0,0,0,0,0,0,0,0,0,0,0,0,0,0,37,0,117,16,37,0,2,138,0,7,0,0,0,0,0,2,0,2,0,1,0,0,0,0,0,3,1,1,9,16,0,2,1,0,0,0,1,0,1,0,0,0,0,0,0,0,0,0,1,0,0,0,33,0,0,0,0,0,0,0,0,0,0,0,0,0,0,0,0,0,0,0,0,0,0,0,0,5,1,3,14,0,0,0,0,2,0,0,0,0,0,1,1,0,0,0,0,1,1,0,0,0,0,0,0,0,0,0,21,0,11,11,0,0,0,10,11,0,0,0,3,78,2,2,1,1,9,3,5,3,0,86,
grunt.csv,3582,3985,22,1,0,0,0,0,0,0,0,0,0,0,0,0,0,0,0,0,0,0,0,0,0,0,0,0,0,0,0,0,0,0,0,0,0,21,0,111,6,21,0,4,59,0,10,0,11,11,4,4,11,0,2,0,4,0,0,0,0,0,0,25,0,0,0,0,0,0,0,0,0,0,0,0,0,0,0,0,0,0,0,0,0,0,0,0,0,0,0,0,0,0,0,0,0,0,0,0,0,0,0,0,0,0,0,0,0,0,0,0,0,0,0,0,0,0,0,0,0,0,0,0,0,0,0,0,0,0,0,0,0,0,0,0,1,0,0,0,0,0,0,0,0,5,1,13,13,0,4,0,3,5,0,0,0,3,14,0,0,0,0,1,1,1,1,0,73,
node.csv,928557.0,930793.0,3130.0,209.0,0.0,0.0,0.0,0.0,0.0,0.0,0.0,0.0,0.0,0.0,0.0,0.0,0.0,0.0,0.0,0.0,0.0,0.0,0.0,0.0,0.0,0.0,0.0,0.0,0.0,0.0,0.0,0.0,0.0,0.0,0.0,0.0,0.0,2167.0,15.0,9284.0,1119.0,2061.0,318.0,419.0,5597.0,42.0,1008.0,15.0,786.0,613.0,424.0,407.0,518.0,53.0,27.0,3.0,573.0,183.0,5.0,1.0,172.0,400.0,420.0,1343.0,127.0,1989.0,5108.0,327.0,93.0,191.0,17.0,1.0,0.0,24.0,0.0,19.0,17.0,12.0,15.0,11.0,0.0,29.0,9.0,0.0,25.0,497.0,22.0,44.0,197.0,1942.0,26.0,58.0,26.0,1.0,15.0,71.0,0.0,15.0,0.0,0.0,19.0,0.0,16.0,19.0,16.0,3.0,3.0,7.0,1.0,1.0,0.0,0.0,0.0,1.0,218.0,6.0,128.0,541.0,40.0,32.0,0.0,0.0,8.0,1.0,3.0,0.0,0.0,2.0,48.0,47.0,0.0,27.0,13.0,4.0,42.0,42.0,49.0,22.0,0.0,4.0,4.0,1.0,1.0,3.0,8.0,5056.0,39.0,4282.0,2897.0,10.0,281.0,13.0,1151.0,1198.0,8.0,46.0,7.0,316.0,7501.0,514.0,454.0,424.0,382.0,2812.0,814.0,1980.0,643.0,5498.0,130156.0,0.0
superagent.csv,6965,6967,37,0,0,0,0,0,0,0,0,0,0,0,0,0,0,0,0,0,0,0,0,0,0,0,0,0,0,0,0,0,0,0,0,0,0,480,0,2118,23,480,6,4,975,1,468,0,0,0,0,0,0,0,0,0,8,2,0,0,2,4,7,2,0,40,122,12,2,4,0,0,0,1,0,1,0,0,0,0,0,1,0,0,0,3,0,3,0,0,0,0,0,0,0,0,0,0,0,0,0,0,0,0,0,0,0,0,0,0,0,0,0,0,11,1,6,46,0,1,0,0,2,0,0,0,0,0,0,0,0,5,0,0,0,0,0,0,0,0,0,0,0,0,0,114,2,315,313,0,161,0,20,22,0,1,0,4,72,1,1,1,1,30,7,18,7,0,2116,
request.csv,9852,9865,73,0,0,0,0,0,0,0,0,0,0,0,0,0,0,0,0,0,0,0,0,0,0,0,0,0,0,0,0,0,0,0,0,0,0,8,0,17,6,8,0,3,15,0,6,0,0,0,0,0,0,0,0,0,1,0,0,0,0,0,3,12,0,1,3,0,0,0,0,0,0,0,0,0,0,0,0,0,0,0,0,0,0,1,0,0,0,0,0,0,0,0,0,0,0,0,0,0,0,0,0,0,0,0,0,0,0,0,0,0,0,0,9,2,28,24,0,1,0,0,4,0,1,0,0,0,0,0,0,0,0,0,0,0,0,0,0,0,0,0,0,0,0,210,18,213,211,0,29,0,8,14,0,1,0,4,68,1,1,0,0,5,1,4,1,0,1192,
MagicMirror.csv,7320,7367,2,3,0,0,0,0,0,0,0,0,0,0,0,0,0,0,0,0,0,0,0,0,0,0,0,0,0,0,0,0,0,0,0,0,0,13,0,47,8,13,0,6,73,0,8,1,4,4,4,4,0,0,0,0,5,0,0,0,0,0,6,19,1,27,64,0,4,1,0,0,0,0,0,1,0,0,0,0,0,0,0,0,1,1,0,1,0,0,0,0,0,0,0,0,0,0,0,0,0,0,0,0,0,0,0,0,0,0,0,0,0,0,5,0,0,14,0,0,0,0,0,0,0,0,0,0,0,0,0,0,0,0,0,0,1,4,0,0,0,0,0,0,0,24,1,38,30,0,11,1,14,13,0,0,0,9,22,1,1,1,1,8,1,5,1,1,310,
pouchdb.csv,90643,90644,118,268,0,0,0,0,0,0,0,0,0,0,0,0,0,0,0,0,0,0,0,0,0,0,0,0,0,0,0,0,0,0,0,0,0,500,0,2628,283,500,61,194,1780,0,284,0,23,23,23,23,0,0,0,0,246,75,17,0,17,34,164,191,113,3180,20222,398,137,296,1,0,0,5,8,34,13,11,13,11,0,30,8,0,13,136,0,41,0,0,0,0,0,0,0,0,0,0,0,0,0,0,0,0,0,0,0,0,0,0,0,0,0,0,32,0,29,61,5,4,0,0,0,0,0,0,0,0,1,1,0,0,0,0,1,1,0,0,0,0,0,0,0,0,0,759,60,2784,2690,2,224,12,773,1328,1,21,9,462,8674,357,206,90,77,3808,2230,1376,977,156,22390,
bluebird.csv,34252,34273,114,10,1,0,0,0,0,0,0,0,0,0,0,0,0,0,0,0,0,0,0,0,0,0,0,0,0,0,0,0,0,0,0,0,0,283,0,1379,133,276,45,68,587,0,177,0,21,21,20,20,14,0,8,0,94,16,0,0,19,59,1860,534,224,1503,3358,819,7,12,4,0,0,4,0,0,0,0,0,0,0,0,0,0,0,373,9,65,0,8,0,0,0,0,0,0,0,0,0,0,0,0,0,0,0,0,0,0,0,0,0,0,0,0,4,0,1,11,0,0,0,0,0,0,0,0,0,0,0,0,0,0,0,0,0,0,2,0,0,0,0,0,0,0,0,133,4,593,453,13,61,2,209,386,13,29,0,161,1195,51,30,17,14,612,156,164,106,10,5641,
wekan.csv,11190,11197,0,0,0,0,0,0,0,0,0,0,0,0,0,0,0,0,0,0,0,0,0,0,0,0,0,0,0,0,0,0,0,0,0,0,0,44,0,659,1,44,0,11,179,0,43,0,4,4,0,0,4,0,0,0,5,0,0,0,1,1,3,3,1,8,54,1,2,2,1,0,0,1,0,1,0,0,0,0,0,0,0,0,0,0,0,2,0,0,0,0,0,0,0,0,0,0,0,0,0,0,0,0,0,0,0,0,0,0,0,0,0,0,1,0,0,1,0,0,0,0,0,0,0,0,0,0,0,0,0,0,0,0,0,0,0,0,0,0,0,0,0,0,0,9,1,29,27,0,1,0,20,16,0,0,0,9,92,3,3,1,1,3,2,3,2,0,193,
gulp.csv,362,484,4,0,0,0,0,0,0,0,0,0,0,0,0,0,0,0,0,0,0,0,0,0,0,0,0,0,0,0,0,0,0,0,0,0,0,4,0,16,0,4,0,0,12,0,0,0,0,0,0,0,0,0,0,0,0,0,0,0,0,0,0,2,0,0,0,0,0,0,0,0,0,0,0,0,0,0,0,0,0,0,0,0,0,0,0,0,0,0,0,0,0,0,0,0,0,0,0,0,0,0,0,0,0,0,0,0,0,0,0,0,0,0,0,0,0,0,0,0,0,0,0,0,0,0,0,0,0,0,0,0,0,0,0,0,0,0,0,0,0,0,0,0,0,38,0,3,3,0,0,0,0,0,0,0,0,0,0,0,0,0,0,0,0,0,0,0,14,
webtorrent.csv,5748,5752,0,0,0,0,0,0,0,0,0,0,0,0,0,0,0,0,0,0,0,0,0,0,0,0,0,0,0,0,0,0,0,0,0,0,0,11,0,20,11,11,5,5,17,0,3,0,0,0,0,0,0,0,0,0,5,1,0,0,0,0,0,0,0,0,0,0,0,0,0,0,0,0,0,0,0,0,0,0,0,0,0,0,0,0,0,0,0,0,0,0,0,0,0,0,0,0,0,0,0,0,0,0,0,0,0,0,0,0,0,0,0,0,88,11,4,185,0,0,0,0,58,0,0,0,0,0,0,0,0,0,0,0,0,0,0,0,0,0,0,0,0,0,0,387,0,350,349,0,0,0,298,317,0,0,0,280,552,3,3,3,3,66,21,21,15,0,1188,
node-inspector.csv,115539,115557,0,15,0,0,0,0,0,0,0,0,0,0,0,0,0,0,0,0,0,0,0,0,0,0,0,0,0,0,0,0,0,0,0,0,0,118,0,418,71,85,26,27,134,3,47,0,3,3,3,3,0,0,0,0,20,4,0,0,33,80,82,60,16,109,155,0,17,0,0,0,0,0,0,0,0,0,0,0,0,0,0,0,0,32,1,12,0,0,0,0,0,0,0,0,0,0,0,0,0,0,0,0,0,0,0,0,0,0,0,0,0,0,1,1,2,1,0,0,0,0,0,1,0,0,0,0,0,0,0,0,0,0,0,0,0,0,0,0,0,0,0,0,0,118,8,443,338,3,26,9,207,152,1,10,1,33,1062,25,25,21,21,319,53,221,51,17,4254,
JavaScript-MD5.csv,12382,12382,0,16,0,0,0,0,0,0,0,0,0,0,0,0,0,0,0,0,0,0,0,0,0,0,0,0,0,0,0,0,0,0,0,0,0,122,0,499,75,122,41,46,362,0,75,0,24,21,18,15,6,0,3,0,50,0,6,0,6,24,0,3,0,1,2,1,0,0,0,0,0,0,0,0,0,0,0,0,0,0,0,0,0,1,0,0,0,0,0,0,0,0,0,0,0,0,0,0,0,0,0,0,0,0,0,0,0,0,0,0,0,0,2,0,12,4,0,0,0,0,0,0,0,0,0,0,0,0,0,0,0,0,0,0,1,0,0,0,0,0,0,0,0,166,4,57,41,0,0,1,21,30,0,0,0,10,246,4,3,2,2,76,22,33,18,2,580,
socket.io.csv,4779,4779,4,0,0,0,0,0,0,0,0,0,0,0,0,0,0,0,0,0,0,0,0,0,0,0,0,0,0,0,0,0,0,0,0,0,0,5,0,38,2,5,1,3,7,0,4,0,0,0,0,0,0,0,0,0,0,0,0,0,0,0,0,3,0,0,0,0,0,0,0,0,0,0,0,0,0,0,0,0,0,0,0,0,0,0,0,0,0,0,0,0,0,0,0,0,0,0,0,0,0,0,0,0,0,0,0,0,0,0,0,0,0,0,14,2,1,41,0,6,0,0,6,0,0,0,0,0,0,0,0,0,0,0,0,0,0,0,0,0,0,0,0,0,0,461,0,62,60,0,18,0,24,36,0,8,0,9,145,0,0,0,0,22,16,19,16,0,322,
mobx.csv,168,199,0,0,0,0,0,0,0,0,0,0,0,0,0,0,0,0,0,0,0,0,0,0,0,0,0,0,0,0,0,0,0,0,0,0,0,0,0,0,0,0,0,0,0,0,0,0,0,0,0,0,0,0,0,0,0,0,0,0,0,0,7,14,3,10,21,0,2,6,0,0,0,0,0,1,0,0,0,0,0,1,1,0,0,0,0,2,0,0,0,0,0,0,0,0,0,0,0,0,0,0,0,0,0,0,0,0,0,0,0,0,0,0,0,0,0,0,0,0,0,0,0,0,0,0,0,0,0,0,0,0,0,0,0,0,0,0,0,0,0,0,0,0,0,0,0,6,4,0,0,1,4,3,0,0,0,1,11,0,0,0,0,5,4,3,3,0,25,
pug.csv,7093,7093,32,0,0,0,0,0,0,0,0,0,0,0,0,0,0,0,0,0,0,0,0,0,0,0,0,0,0,0,0,0,0,0,0,0,0,50,0,165,22,47,1,11,251,0,16,0,29,24,23,23,17,0,7,0,15,9,0,0,3,9,0,11,0,0,0,0,0,0,0,0,0,0,0,0,0,0,0,0,0,0,0,0,0,0,0,0,0,0,0,0,0,0,0,0,0,0,0,0,0,0,0,0,0,0,0,0,0,0,0,0,0,0,0,0,0,0,0,0,0,0,0,0,0,0,0,0,0,0,0,0,0,0,0,0,0,0,0,0,0,0,0,0,0,2,0,11,11,0,0,0,6,0,0,0,0,0,0,4,2,4,2,5,4,5,4,0,62,
sequelize.csv,81463,81464,257,0,0,0,0,0,0,0,0,0,0,0,0,0,0,0,0,0,0,0,0,0,0,0,0,0,0,0,0,0,0,0,0,0,0,19,0,51,15,19,0,0,46,0,14,0,9,5,5,5,5,0,0,0,0,0,0,0,0,0,633,194,64,4381,23548,7,116,337,4,0,0,6,0,46,19,10,10,6,0,16,14,0,0,1,0,196,0,0,0,0,0,0,0,0,0,0,0,0,0,0,0,0,0,0,0,0,0,0,0,0,0,0,3,0,2,9,0,0,0,0,0,0,0,0,0,4,1,1,0,0,0,0,1,1,1,2,0,0,0,0,0,1,0,16,7,167,151,0,0,0,70,144,0,0,0,62,711,29,18,15,10,82,44,44,28,18,1144,
express.csv,10774,11081,12,0,0,0,0,0,0,0,0,0,0,0,0,0,0,0,0,0,0,0,0,0,0,0,0,0,0,0,0,0,0,0,0,0,0,17,0,37,15,17,0,4,37,0,14,0,1,1,1,1,1,0,0,0,3,1,0,0,0,0,0,30,0,0,0,0,0,0,0,0,0,0,0,0,0,0,0,0,0,0,0,0,0,0,0,0,0,0,0,0,0,0,0,0,0,0,0,0,0,0,0,0,0,0,0,0,0,0,0,0,0,0,0,0,1,0,0,0,0,0,0,0,0,0,0,0,0,0,0,0,0,0,0,0,0,0,0,0,0,0,0,0,0,23,0,146,144,0,16,0,89,51,0,2,0,0,351,4,4,2,2,113,86,86,79,0,875,
javascripting.csv,253,256,0,0,0,0,0,0,0,0,0,0,0,0,0,0,0,0,0,0,0,0,0,0,0,0,0,0,0,0,0,0,0,0,0,0,0,0,0,0,0,0,0,0,0,0,0,0,0,0,0,0,0,0,0,0,0,0,0,0,0,0,2,3,0,2,9,0,1,0,0,0,0,0,0,0,0,0,0,0,0,0,0,0,0,0,0,0,0,0,0,0,0,0,0,0,0,0,0,0,0,0,0,0,0,0,0,0,0,0,0,0,0,0,0,0,0,0,0,0,0,0,0,0,0,0,0,0,0,0,0,0,0,0,0,0,0,0,0,0,0,0,0,0,0,0,0,4,4,0,0,0,2,0,0,0,0,0,0,0,0,0,0,7,1,3,1,0,29,
reactGo.csv,2651,2655,0,0,0,0,0,0,0,0,0,0,0,0,0,0,0,0,0,0,0,0,0,0,0,0,0,0,0,0,0,0,0,0,0,0,0,0,0,0,0,0,0,0,0,0,0,0,0,0,0,0,0,0,0,0,0,0,0,0,0,0,7,9,2,38,150,1,23,53,0,3,0,5,0,5,0,0,0,0,0,7,1,0,0,4,0,0,0,0,0,0,0,0,0,0,0,0,0,0,0,0,0,0,0,0,0,0,0,0,0,0,0,0,0,0,0,0,0,0,0,0,0,0,0,0,0,0,0,0,0,0,0,0,0,0,0,0,0,0,0,0,0,0,0,2,0,40,40,0,10,1,17,25,0,3,1,6,80,0,0,0,0,62,8,23,8,0,218,
ava.csv,14215,15011,84,0,0,0,0,0,0,0,0,0,0,0,0,0,0,0,0,0,0,0,0,0,0,0,0,0,0,0,0,0,0,0,0,0,0,52,0,153,32,48,3,2,196,0,29,0,20,20,14,14,8,0,0,0,11,1,0,0,4,10,141,142,21,299,1268,23,16,26,0,0,0,0,0,3,0,0,0,0,0,2,2,0,3,23,0,8,2,5,0,0,0,0,0,0,0,0,0,0,0,0,0,0,0,0,0,0,0,0,0,0,0,0,4,0,1,24,0,0,0,0,0,0,0,0,0,0,0,0,0,1,0,0,0,0,1,8,0,0,0,0,1,0,1,152,6,106,101,0,0,0,17,50,0,0,0,9,238,4,4,1,1,37,14,23,11,1,637,
NodeBB.csv,88000,88021,558,19,0,0,0,0,0,0,0,0,0,0,0,0,0,0,0,0,0,0,0,0,0,0,0,0,0,0,0,0,0,0,0,0,0,194,0,679,112,194,27,64,399,2,135,0,6,6,3,3,4,2,0,2,69,35,0,0,0,0,10,25,2,38,316,2,4,3,0,0,0,1,1,3,0,0,0,0,0,1,0,0,0,8,0,5,0,0,0,0,0,0,0,0,0,0,0,0,0,0,0,0,0,0,0,0,0,0,0,0,0,0,11,0,7,37,0,0,0,0,0,0,0,0,0,0,2,2,0,0,0,2,2,2,1,3,0,0,0,0,0,0,0,809,46,3002,2927,0,11,3,812,1252,0,0,1,223,7658,36,31,28,28,1175,787,762,662,70,18672,
drywall.csv,8487,8609,38,23,0,0,0,0,0,0,0,0,0,0,0,0,0,0,0,0,0,0,0,0,0,0,0,0,0,0,0,0,0,0,0,0,0,0,0,0,0,0,0,0,0,0,0,0,0,0,0,0,0,0,0,0,0,0,0,0,0,0,0,0,0,0,0,0,0,0,0,0,0,0,0,0,0,0,0,0,0,0,0,0,0,0,0,0,0,0,0,0,0,0,0,0,0,0,0,0,0,0,0,0,0,0,0,0,0,0,0,0,0,0,1,0,114,2,0,0,0,0,0,0,0,0,0,0,0,0,0,1,0,0,0,0,0,0,0,0,0,0,0,0,0,544,0,228,228,0,2,0,190,23,0,0,0,2,90,0,0,0,0,365,270,213,207,0,1803,
protobuf.js.csv,34205,34242,83,105,0,0,0,0,0,0,0,0,0,0,0,0,0,0,0,0,0,0,0,0,0,0,0,0,0,0,0,0,0,0,0,0,0,116,0,783,55,114,16,22,376,0,46,0,15,15,9,9,15,0,0,0,68,24,0,0,4,9,4,70,8,8,20,0,9,28,0,0,0,1,0,4,0,0,0,0,0,0,0,0,0,0,0,0,0,0,0,0,0,0,0,0,0,0,0,0,0,0,0,0,0,0,0,0,0,0,0,0,0,0,5,0,12,17,0,0,0,0,0,0,0,0,0,0,1,1,0,0,0,0,1,1,0,0,0,0,0,0,0,0,0,57,0,81,77,0,0,2,26,37,0,0,1,8,210,16,13,11,9,71,26,33,19,1,1102,
expressjs.com.csv,6725,6737,0,0,0,0,0,0,0,0,0,0,0,0,0,0,0,0,0,0,0,0,0,0,0,0,0,0,0,0,0,0,0,0,0,0,0,12,0,100,4,12,0,0,23,0,12,0,0,0,0,0,0,0,0,0,0,0,0,0,0,0,0,0,0,0,0,0,0,0,0,0,0,0,0,0,0,0,0,0,0,0,0,0,0,0,0,0,0,0,0,0,0,0,0,0,0,0,0,0,0,0,0,0,0,0,0,0,0,0,0,0,0,0,0,0,0,0,0,0,0,0,0,0,0,0,0,0,0,0,0,0,0,0,0,0,0,0,0,0,0,0,0,0,0,16,1,78,77,0,8,0,30,29,0,3,0,5,179,2,2,2,2,54,39,38,31,1,514,
svgo.csv,6322,6322,66,0,0,0,0,0,0,0,0,0,0,0,0,0,0,0,0,0,0,0,0,0,0,0,0,0,0,0,0,0,0,0,0,0,0,12,0,39,4,12,0,2,37,0,7,2,1,1,1,1,1,0,0,0,7,1,0,0,0,0,12,22,18,23,58,14,1,1,0,0,0,0,0,1,0,0,0,0,0,1,1,0,0,14,0,2,0,0,0,0,0,0,0,0,0,0,0,0,0,0,0,0,0,0,0,0,0,0,0,0,0,0,0,0,0,0,0,0,0,0,0,0,0,0,0,0,0,0,0,0,0,0,0,0,0,0,0,0,0,0,0,0,0,2,0,22,17,0,0,0,17,11,0,0,0,8,17,6,6,6,6,20,15,15,14,0,130,
docco.csv,246,246,0,0,0,0,0,0,0,0,0,0,0,0,0,0,0,0,0,0,0,0,0,0,0,0,0,0,0,0,0,0,0,0,0,0,0,0,0,0,0,0,0,0,0,0,0,0,0,0,0,0,0,0,0,0,0,0,0,0,0,0,0,2,0,0,0,0,0,0,0,0,0,0,0,0,0,0,0,0,0,0,0,0,0,0,0,0,0,0,0,0,0,0,0,0,0,0,0,0,0,0,0,0,0,0,0,0,0,0,0,0,0,0,0,0,0,0,0,0,0,0,0,0,0,0,0,0,0,0,0,0,0,0,0,0,0,0,0,0,0,0,0,0,0,0,0,3,3,0,0,0,3,2,0,0,0,0,10,1,1,1,1,6,2,2,2,0,26,
session.csv,2642,2642,5,0,0,0,0,0,0,0,0,0,0,0,0,0,0,0,0,0,0,0,0,0,0,0,0,0,0,0,0,0,0,0,0,0,0,0,0,0,0,0,0,0,0,0,0,0,0,0,0,0,0,0,0,0,0,0,0,0,0,0,0,0,0,0,0,0,0,0,0,0,0,0,0,0,0,0,0,0,0,0,0,0,0,0,0,0,0,0,0,0,0,0,0,0,0,0,0,0,0,0,0,0,0,0,0,0,0,0,0,0,0,0,3,0,1,12,0,0,0,0,0,0,0,0,0,0,0,0,0,0,0,0,0,0,0,0,0,0,0,0,0,0,0,12,0,101,101,0,0,0,89,30,0,0,0,0,138,0,0,0,0,129,124,86,84,0,572,
kue.csv,3771,3771,0,0,0,0,0,0,0,0,0,0,0,0,0,0,0,0,0,0,0,0,0,0,0,0,0,0,0,0,0,0,0,0,0,0,0,7,0,41,2,7,0,3,24,0,6,0,0,0,0,0,0,0,0,0,1,0,0,0,0,0,0,0,0,0,0,0,0,0,0,0,0,0,0,0,0,0,0,0,0,0,0,0,0,0,0,0,0,0,0,0,0,0,0,0,0,0,0,0,0,0,0,0,0,0,0,0,0,0,0,0,0,0,3,0,8,2,1,0,0,0,0,0,0,0,0,0,0,0,0,0,0,0,0,0,0,0,0,0,0,0,0,0,0,39,10,75,74,1,8,1,32,26,1,2,0,4,144,2,2,2,2,76,40,52,37,0,590,
Ghost.csv,68336,68587,1,0,0,0,0,0,0,0,0,0,0,0,0,0,0,0,0,0,0,0,0,0,0,0,0,0,0,0,0,0,0,0,0,0,0,93,0,518,21,93,2,8,409,0,37,0,15,11,5,5,10,0,3,0,42,11,0,0,0,0,533,296,182,2098,13001,82,1134,1309,2,0,0,14,0,63,24,16,14,12,0,54,35,0,49,64,0,27,0,0,0,0,0,0,0,0,0,0,0,0,0,0,0,0,0,0,0,0,0,0,0,0,0,0,3,0,0,21,0,0,0,0,0,0,0,0,0,0,0,0,0,0,0,0,0,0,0,0,0,0,0,0,0,0,0,89,6,683,672,0,0,0,336,430,0,0,0,69,1747,26,17,16,13,426,350,336,295,0,4713,
nedb.csv,27886,27886,0,38,2,0,0,0,0,0,0,0,0,0,0,0,0,0,0,0,0,0,0,0,0,0,0,0,0,0,0,0,0,0,0,0,0,321,0,1869,187,321,3,85,1211,0,191,0,42,42,42,42,8,0,0,0,196,71,24,0,0,0,90,110,76,107,819,16,0,0,0,0,0,0,0,0,0,0,0,0,0,0,0,0,0,24,0,2,0,0,0,0,0,0,0,0,0,0,0,0,0,0,0,0,0,0,0,0,0,0,0,0,0,0,5,0,1,10,2,0,0,0,0,0,0,0,0,0,0,0,0,0,0,0,0,0,7,6,2,0,0,0,0,0,0,129,2,877,709,3,118,5,147,300,2,15,0,55,3251,30,27,4,4,822,205,402,170,2,7105,
passport.csv,6476,6476,0,0,0,0,0,0,0,0,0,0,0,0,0,0,0,0,0,0,0,0,0,0,0,0,0,0,0,0,0,0,0,0,0,0,0,6,0,48,0,6,0,0,12,0,6,0,0,0,0,0,0,0,0,0,6,6,0,0,0,0,0,0,0,0,0,0,0,0,0,0,0,0,0,0,0,0,0,0,0,0,0,0,0,0,0,0,0,0,0,0,0,0,0,0,0,0,0,0,0,0,0,0,0,0,0,0,0,0,0,0,0,0,0,0,0,0,0,0,0,0,0,0,0,0,0,0,0,0,0,0,0,0,0,0,0,0,0,0,0,0,0,0,0,0,0,95,92,1,0,0,10,40,1,0,0,0,109,0,0,0,0,19,10,9,9,0,449,
node-serialport.csv,4218,4218,38,0,0,0,0,0,0,0,0,0,0,0,0,0,0,0,0,0,0,0,0,0,0,0,0,0,0,0,0,0,0,0,0,0,0,118,0,359,86,118,0,0,314,0,40,0,0,0,0,0,0,0,0,0,21,21,0,0,0,0,63,33,45,94,331,37,13,45,0,0,0,0,0,1,1,1,1,1,0,2,0,0,0,13,0,1,0,0,0,0,0,0,0,0,0,0,0,0,0,0,0,0,0,0,0,0,0,0,0,0,0,0,11,1,1,33,0,0,0,0,2,0,0,0,0,0,0,0,0,1,0,0,0,0,0,0,0,0,0,0,0,0,0,104,0,120,109,0,0,2,32,98,0,0,2,10,339,12,9,10,8,69,37,39,28,0,642,
immutable-js.csv,6662,6725,0,0,0,0,0,0,0,0,0,0,0,0,0,0,0,0,0,0,0,0,0,0,0,0,0,0,0,0,0,0,0,0,0,0,0,13,0,67,4,13,3,3,31,0,8,0,0,0,0,0,0,0,0,0,5,3,0,0,0,0,6,17,2,11,155,0,1,1,0,0,0,0,1,1,0,0,0,0,0,0,0,0,0,1,0,3,0,0,0,0,0,0,0,0,0,0,0,0,0,0,0,0,0,0,0,0,0,0,0,0,0,0,0,0,2,0,0,0,0,0,0,0,0,0,0,0,0,0,0,0,0,0,0,0,0,0,0,0,0,0,0,0,0,11,0,8,5,0,0,1,2,3,0,0,1,2,10,1,1,1,1,6,6,4,4,0,22,
react-native.csv,40425,40936,281,15,0,0,0,0,0,0,0,0,0,0,0,2,0,0,0,0,0,0,0,0,0,0,0,0,0,0,0,0,0,0,0,0,0,249,0,974,178,171,46,29,550,9,98,0,9,9,6,6,11,0,10,0,29,4,10,0,83,280,57,92,24,31,96,1,4,8,0,0,0,1,0,1,1,1,1,1,0,1,0,0,0,19,0,0,6,23,3,95,3,0,1,11,0,2,0,0,0,0,0,0,0,0,0,0,0,0,0,0,1,4,4,0,0,7,0,0,0,0,0,0,0,0,0,0,0,0,0,1,1,0,0,0,0,0,0,0,0,0,0,0,0,30,0,110,49,1,16,0,20,42,1,0,0,13,297,6,5,4,4,181,20,48,19,131,3073,
webpack.csv,50069,50449,371,1,2,0,0,0,0,0,0,0,0,0,0,0,0,0,0,0,0,0,0,0,0,0,0,0,0,0,0,0,0,0,0,0,0,215,0,922,113,212,49,20,469,1,129,0,15,15,15,15,21,0,15,0,50,17,0,0,3,8,31,135,20,44,229,7,12,34,0,0,0,0,0,1,0,0,0,0,0,0,0,0,2,14,0,4,0,0,0,0,0,0,0,0,0,0,0,0,0,0,0,0,0,0,0,0,0,0,0,0,0,0,4,0,1,8,0,0,0,0,0,0,0,0,0,0,0,0,0,0,0,0,0,0,1,0,0,0,0,0,0,0,0,129,2,341,290,3,15,3,196,144,3,1,0,21,1303,50,33,38,23,531,264,205,161,0,3392,
pm2.csv,21167,21170,13,1,0,0,0,0,0,0,0,0,0,0,0,0,0,0,0,0,0,0,0,0,0,0,0,0,0,0,0,0,0,0,0,0,0,233,0,947,128,232,39,49,521,55,132,0,7,7,6,6,7,0,1,0,82,29,0,0,1,1,10,81,8,13,157,0,1,3,0,0,0,0,0,0,0,0,0,0,0,0,0,0,0,2,0,0,0,0,0,0,0,0,0,0,0,0,0,0,0,0,0,0,0,0,0,0,0,0,0,0,0,0,29,11,1,52,0,0,0,0,95,0,0,0,0,7,4,4,0,3,2,0,4,4,3,4,0,0,0,0,0,0,1,329,10,675,666,7,146,35,166,145,1,20,20,38,1048,9,9,8,8,638,219,270,166,0,4889,
spectron.csv,5653,5653,0,0,0,0,0,0,0,0,0,0,0,0,0,0,0,0,0,0,0,0,0,0,0,0,0,0,0,0,0,0,0,0,0,0,0,6,0,12,6,6,2,4,8,0,4,0,0,0,0,0,0,0,0,0,0,0,0,0,0,0,7,8,7,75,182,14,0,0,0,0,0,0,0,0,0,0,0,0,0,0,0,0,0,4,0,0,0,0,0,0,0,0,0,0,0,0,0,0,0,0,0,0,0,0,0,0,0,0,0,0,0,0,0,0,0,0,0,0,0,0,0,0,0,0,0,0,0,0,0,0,0,0,0,0,0,0,0,0,0,0,0,0,0,23,0,12,7,0,0,0,2,5,0,0,0,0,32,4,4,2,2,11,5,4,3,0,144,
openlayers.csv,86930,86984,0,0,0,0,0,0,0,0,0,0,0,0,0,0,0,0,0,0,0,0,0,0,0,0,0,0,0,0,0,0,0,0,0,0,0,176,0,714,98,176,3,13,381,0,160,0,1,1,0,0,1,0,1,0,9,0,0,0,0,0,4,23,3,30,227,0,2,6,0,0,0,0,0,0,0,0,0,0,0,2,0,0,0,15,0,1,4,12,0,0,0,0,0,0,0,0,0,0,0,0,0,0,0,0,0,0,0,0,0,0,0,0,12,0,0,19,0,10,0,0,0,0,0,0,0,0,0,0,0,0,0,0,0,0,0,0,0,0,0,0,0,0,0,305,3,90,75,1,18,0,30,70,0,15,0,27,471,1,1,0,0,30,1,18,1,3,1024,
hexo.csv,19720,19720,170,0,0,0,0,0,0,0,0,0,0,0,0,0,0,0,0,0,0,0,0,0,0,0,0,0,0,0,0,0,0,0,0,0,0,78,0,182,68,78,0,1,158,0,75,0,0,0,0,0,0,0,0,0,4,0,0,0,0,0,203,42,10,793,3090,4,34,61,1,0,0,2,0,0,7,7,7,7,0,6,0,0,0,14,0,123,0,0,0,0,0,0,0,0,0,0,0,0,0,0,0,0,0,0,0,0,0,0,0,0,0,0,2,0,2,2,0,0,0,0,0,0,0,0,0,0,0,0,0,0,0,0,0,0,0,0,0,0,0,0,0,0,0,50,0,73,65,0,0,0,47,56,0,0,0,40,119,8,8,8,8,15,5,13,4,0,281,
natural.csv,18317,18318,11,3,0,0,0,0,0,0,0,0,0,0,0,0,0,0,0,0,0,0,0,0,0,0,0,0,0,0,0,0,0,0,0,0,0,3,0,9,1,3,0,0,4,2,2,0,1,1,1,1,1,0,0,0,0,0,0,0,0,0,0,0,0,0,0,0,0,0,0,0,0,0,0,0,0,0,0,0,0,0,0,0,0,0,0,0,0,0,0,0,0,0,0,0,0,0,0,0,0,0,0,0,0,0,0,0,0,0,0,0,0,0,0,0,1,0,0,0,0,0,0,0,0,0,0,0,0,0,0,0,0,0,0,0,0,0,0,0,0,0,0,0,0,18,0,44,44,1,11,4,11,13,0,1,0,0,77,2,2,1,1,5,3,5,3,0,326,
UglifyJS2.csv,34604,34646,14,0,0,0,0,0,0,0,0,0,0,0,0,0,0,0,0,0,0,0,0,0,0,0,0,0,0,0,0,0,0,0,0,0,0,134,1,661,107,117,5,42,335,28,95,0,18,18,9,9,55,38,3,8,12,4,0,0,24,53,0,2,0,0,0,0,0,0,0,0,0,0,0,0,0,0,0,0,0,0,0,0,0,0,0,0,0,0,0,0,0,0,0,0,0,0,0,0,0,0,0,0,0,0,0,0,0,0,0,0,0,0,1,1,0,13,0,0,0,0,7,0,1,0,0,0,0,0,0,2,1,0,0,0,2,7,0,1,0,0,0,0,0,10,0,97,94,0,4,0,60,25,0,2,0,14,98,38,38,37,37,36,15,24,15,0,532,
art-template.csv,17639,18199,22,50,0,0,0,0,0,0,0,0,0,0,0,0,0,0,0,0,0,0,0,0,0,0,0,0,0,0,0,0,0,0,0,0,0,69,0,191,48,69,16,12,376,0,24,0,25,25,13,13,7,0,0,0,38,18,7,0,0,0,0,22,0,0,0,0,0,0,0,0,0,0,0,0,0,0,0,0,0,0,0,0,0,0,0,0,0,0,0,0,0,0,0,0,0,0,0,0,0,0,0,0,0,0,0,0,0,0,0,0,0,0,0,0,6,0,0,0,0,0,0,0,0,0,0,0,0,0,0,0,0,0,0,0,0,0,0,0,0,0,0,0,0,22,2,248,198,1,5,3,59,105,0,0,3,50,977,17,10,1,1,298,190,154,111,40,2213,
closure-compiler.csv,72721,72728,0,6,0,0,0,0,0,0,0,0,0,0,0,0,0,0,0,0,0,0,0,0,0,0,0,0,0,0,0,0,0,0,0,0,0,102,2,421,40,81,7,35,176,0,55,0,10,10,0,0,38,36,0,10,21,0,0,0,29,53,127,53,31,107,195,66,14,10,0,0,0,2,0,5,1,1,0,0,1,2,1,0,2,16,9,12,13,18,2,6,1,1,0,0,0,0,0,0,0,0,0,0,0,0,0,0,0,0,0,0,1,1,0,0,0,0,0,0,0,0,0,0,0,0,0,0,0,0,0,0,0,0,0,0,0,0,0,0,0,0,0,0,0,0,0,248,102,169,17,0,22,80,52,0,0,22,45,11,10,4,4,44,31,36,30,4,286,
node-restify.csv,13802,13932,103,0,0,0,0,0,0,0,0,0,0,0,0,0,0,0,0,0,0,0,0,0,0,0,0,0,0,0,0,0,0,0,0,0,0,66,0,375,36,66,5,32,183,0,23,0,1,1,0,0,1,0,0,0,15,4,0,0,0,0,1,1,0,3,10,0,1,2,0,0,0,0,0,0,0,0,0,0,0,0,0,0,0,0,0,1,0,0,0,0,0,0,0,0,0,0,0,0,0,0,0,0,0,0,0,0,0,0,0,0,0,0,21,4,2,71,0,1,0,0,14,0,0,0,0,0,0,0,0,4,2,0,0,0,12,24,0,0,7,0,1,0,0,210,3,420,378,1,28,0,16,60,0,1,0,4,431,3,3,0,0,81,8,55,7,3,2388,
materialize.csv,19880,20127,0,47,0,0,0,0,0,0,0,0,0,0,0,0,0,0,0,0,0,0,0,0,0,0,0,0,0,0,0,0,0,0,0,0,0,13,0,29,10,13,2,11,22,0,11,0,0,0,0,0,0,0,0,0,11,0,0,0,0,0,1,0,0,0,0,0,0,0,0,0,0,0,0,0,0,0,0,0,0,0,0,0,0,0,0,0,0,0,0,0,0,0,0,0,0,0,0,0,0,0,0,0,0,0,0,0,0,0,0,0,0,0,0,0,0,0,0,0,0,0,0,0,0,0,0,0,0,0,0,0,0,0,0,0,0,0,0,0,0,0,0,0,0,33,4,198,196,0,30,0,78,178,0,28,0,33,1738,1,1,0,0,116,37,69,23,9,2234,
mathjs.csv,99080,99085,361,360,0,0,0,0,0,0,0,0,0,0,0,0,0,0,0,0,0,0,0,0,0,0,0,0,0,0,0,0,0,0,0,0,0,234,0,944,129,228,35,30,534,0,158,0,173,157,19,19,145,0,18,0,30,0,0,0,7,13,0,13,7,14,68,0,1,1,0,0,0,0,0,1,0,0,0,0,0,0,0,0,0,0,0,0,0,0,0,0,0,0,0,0,0,0,0,0,0,0,0,0,0,0,0,0,0,0,0,0,0,0,3,0,0,10,0,0,0,0,0,0,0,0,0,0,0,0,0,0,0,0,0,0,1,2,0,0,0,0,0,0,0,31,1,40,34,0,4,0,21,22,0,0,0,16,41,1,1,1,1,30,10,15,8,6,447,
Faker.js.csv,777454,777548,0,16,0,0,0,0,0,0,0,0,0,0,0,0,0,0,0,0,0,0,0,0,0,0,0,0,0,0,0,0,0,0,0,0,0,452,0,1225,396,452,57,334,935,0,379,0,14,14,14,14,4,0,0,0,32,2,0,0,13,32,0,1,0,1,0,0,0,0,0,0,0,0,0,0,0,0,0,0,0,0,0,0,0,1,0,0,0,0,0,0,0,0,0,0,0,0,0,0,0,0,0,0,0,0,0,0,0,0,0,0,0,0,0,0,0,0,0,0,0,0,0,0,0,0,0,0,0,0,0,0,0,0,0,0,0,0,0,0,0,0,0,0,0,37,10,210,178,0,2,0,15,168,0,1,0,6,949,1,1,1,1,147,109,115,104,12,1627,
waterline.csv,12941,12942,0,0,0,0,0,0,0,0,0,0,0,0,0,0,0,0,0,0,0,0,0,0,0,0,0,0,0,0,0,0,0,0,0,0,0,277,0,2344,187,277,0,0,1841,0,277,0,204,115,113,94,31,0,6,0,263,221,21,0,0,0,0,0,0,9,23,0,8,18,0,0,0,1,0,5,0,0,0,0,0,3,1,0,1,1,0,0,0,0,0,0,0,0,0,0,0,0,0,0,0,0,0,0,0,0,0,0,0,0,0,0,0,0,0,0,0,0,0,0,0,0,0,0,0,0,0,0,0,0,0,0,0,0,0,0,0,0,0,0,0,0,0,0,0,0,0,265,265,0,4,0,220,79,0,0,0,4,524,1,1,0,0,837,357,258,236,0,2554,
moment-timezone.csv,30555,30555,622,8,0,0,0,0,0,0,0,0,0,0,0,0,0,0,0,0,0,0,0,0,0,0,0,0,0,0,0,0,0,0,0,0,0,6,0,54,0,6,6,0,0,0,0,0,0,0,0,0,0,0,0,0,0,0,0,0,0,0,0,6,0,0,0,0,0,0,0,0,0,0,0,0,0,0,0,0,0,0,0,0,0,0,0,0,0,0,0,0,0,0,0,0,0,0,0,0,0,0,0,0,0,0,0,0,0,0,0,0,0,0,0,0,0,0,0,0,0,0,0,0,0,0,0,0,0,0,0,0,0,0,0,0,0,0,0,0,0,0,0,0,0,0,0,3,3,0,0,0,3,2,0,0,0,0,10,3,3,3,3,0,0,0,0,0,17,
moment.csv,161791,161938,2,302,0,0,0,0,0,0,0,0,0,0,0,0,0,0,0,0,0,0,0,0,0,0,0,0,0,0,0,0,0,0,0,0,0,40,0,219,15,19,7,12,24,0,12,0,0,0,0,0,0,0,0,0,0,0,0,0,21,47,2,5,0,21,91,6,0,0,0,0,0,0,0,0,0,0,0,0,0,0,0,0,0,1,0,1,0,0,0,0,0,0,0,0,0,0,0,0,0,0,0,0,0,0,0,0,0,0,0,0,0,0,0,0,0,0,0,0,0,0,0,0,0,0,0,0,0,0,0,0,0,0,0,0,0,0,0,0,0,0,0,0,0,2,0,3,3,0,0,0,0,2,0,0,0,0,4,0,0,0,0,1,0,1,0,0,16,
co.csv,730,730,0,0,0,0,0,0,0,0,0,0,0,0,0,0,0,0,0,0,0,0,0,0,0,0,0,0,0,0,0,0,0,0,0,0,0,45,0,93,42,45,0,0,93,0,42,0,0,0,0,0,3,0,3,0,6,6,0,0,0,0,7,5,5,11,19,5,5,10,0,0,0,0,0,5,0,0,0,0,0,0,0,0,0,1,0,2,0,0,0,0,0,0,0,0,0,0,0,0,0,0,0,0,0,0,0,0,0,0,0,0,0,0,0,0,0,0,0,0,0,0,0,0,0,0,0,0,0,0,0,0,0,0,0,0,0,0,0,0,0,0,0,0,0,0,0,14,9,0,0,0,6,8,0,0,0,5,16,1,1,1,1,12,6,6,5,0,78,
node-opencv.csv,2138,2143,1,0,0,0,0,0,0,0,0,0,0,0,0,0,0,0,0,0,0,0,0,0,0,0,0,0,0,0,0,0,0,0,0,0,0,0,0,0,0,0,0,0,0,0,0,0,0,0,0,0,0,0,0,0,0,0,0,0,0,0,0,12,0,0,0,0,0,0,0,0,0,0,0,0,0,0,0,0,0,0,0,0,0,0,0,0,0,0,0,0,0,0,0,0,0,0,0,0,0,0,0,0,0,0,0,0,0,0,0,0,0,0,0,0,4,0,0,0,0,0,0,0,0,0,0,0,0,0,0,0,0,0,0,0,0,0,0,0,0,0,0,0,0,10,0,96,96,1,40,0,37,1,0,1,0,0,6,61,34,41,32,53,10,11,7,2,839,
keystone.csv,0,750,0,0,0,0,0,0,0,0,0,0,0,0,0,0,0,0,0,0,0,0,0,0,0,0,0,0,0,0,0,0,0,0,0,0,0,0,0,0,0,0,0,0,0,0,0,0,0,0,0,0,0,0,0,0,0,0,0,0,0,0,0,0,0,0,0,0,0,0,0,0,0,0,0,0,0,0,0,0,0,0,0,0,0,0,0,0,0,0,0,0,0,0,0,0,0,0,0,0,0,0,0,0,0,0,0,0,0,0,0,0,0,0,0,0,0,0,0,0,0,0,0,0,0,0,0,0,0,0,0,0,0,0,0,0,0,0,0,0,0,0,0,0,0,0,0,0,0,0,0,0,0,0,0,0,0,0,0,0,0,0,0,0,0,0,0,0,0,
node-http-proxy.csv,3102,3102,0,0,0,0,0,0,0,0,0,0,0,0,0,0,0,0,0,0,0,0,0,0,0,0,0,0,0,0,0,0,0,0,0,0,0,6,0,12,6,6,0,0,12,0,6,0,0,0,0,0,0,0,0,0,3,3,0,0,0,0,0,0,0,0,0,0,0,0,0,0,0,0,0,0,0,0,0,0,0,0,0,0,0,0,0,0,0,0,0,0,0,0,0,0,0,0,0,0,0,0,0,0,0,0,0,0,0,0,0,0,0,0,11,3,3,45,0,2,0,0,22,0,0,0,0,0,0,0,0,0,0,0,0,0,0,0,0,0,0,0,0,0,0,118,0,25,25,0,4,0,4,16,0,3,0,2,62,2,2,2,2,1,0,1,0,0,129,
axios.csv,5519,5551,27,25,0,0,0,0,0,0,0,0,0,0,0,0,0,0,0,0,0,0,0,0,0,0,0,0,0,0,0,0,0,0,0,0,0,30,0,90,20,30,5,4,83,0,16,0,8,8,6,6,2,0,2,0,8,2,0,0,0,0,14,10,19,129,531,15,16,35,0,2,0,1,0,3,0,0,0,0,0,0,0,0,2,112,0,2,0,0,0,0,0,0,0,0,0,0,0,0,0,0,0,0,0,0,0,0,0,0,0,0,0,0,3,0,0,12,0,0,0,0,0,0,0,0,0,0,0,0,0,2,0,0,0,0,0,0,0,0,0,0,0,0,0,26,0,37,24,0,3,0,11,21,0,2,0,10,51,2,2,0,0,28,5,18,5,1,546,
parse-server.csv,0,236,0,0,0,0,0,0,0,0,0,0,0,0,0,0,0,0,0,0,0,0,0,0,0,0,0,0,0,0,0,0,0,0,0,0,0,0,0,0,0,0,0,0,0,0,0,0,0,0,0,0,0,0,0,0,0,0,0,0,0,0,0,0,0,0,0,0,0,0,0,0,0,0,0,0,0,0,0,0,0,0,0,0,0,0,0,0,0,0,0,0,0,0,0,0,0,0,0,0,0,0,0,0,0,0,0,0,0,0,0,0,0,0,0,0,0,0,0,0,0,0,0,0,0,0,0,0,0,0,0,0,0,0,0,0,0,0,0,0,0,0,0,0,0,0,0,0,0,0,0,0,0,0,0,0,0,0,0,0,0,0,0,0,0,0,0,0,0,
aws-sdk-js.csv,422281,422289,1,47,0,0,0,0,0,0,0,0,0,0,0,0,0,0,0,0,0,0,0,0,0,0,0,0,0,0,0,0,0,0,0,0,0,753,0,3212,441,725,121,267,1728,0,454,0,46,46,19,19,22,2,3,2,305,15,0,0,34,97,10,46,12,23,81,0,2,8,0,0,0,0,0,1,0,0,0,0,0,0,0,0,0,0,0,0,0,0,0,0,0,0,0,0,0,0,0,0,0,0,0,0,0,0,0,0,0,0,0,0,0,0,62,0,58,195,0,10,0,0,0,0,0,0,0,8,0,0,0,23,17,0,0,0,0,0,0,0,0,0,0,0,0,571,31,740,682,0,103,0,243,276,0,13,0,95,1294,46,44,32,32,565,163,401,145,0,5281,
apidoc.csv,3973,3990,0,1,0,0,0,0,0,0,0,0,0,0,0,0,0,0,0,0,0,0,0,0,0,0,0,0,0,0,0,0,0,0,0,0,0,41,0,461,12,33,11,13,51,0,17,0,3,3,0,0,3,0,3,0,5,0,0,0,8,16,3,0,0,2,4,4,0,0,0,0,0,0,0,0,0,0,0,0,0,0,0,0,0,1,1,0,0,0,0,0,0,0,0,0,0,0,0,0,0,0,0,0,0,0,0,0,0,0,0,0,0,0,1,0,0,3,0,0,0,0,0,0,0,0,0,0,0,0,0,0,0,0,0,0,1,3,0,0,0,0,0,0,0,10,0,29,24,0,1,0,10,19,0,1,0,1,273,6,3,6,3,21,10,12,8,0,400,
next.js.csv,0,833,0,0,0,0,0,0,0,0,0,0,0,0,0,0,0,0,0,0,0,0,0,0,0,0,0,0,0,0,0,0,0,0,0,0,0,0,0,0,0,0,0,0,0,0,0,0,0,0,0,0,0,0,0,0,0,0,0,0,0,0,0,0,0,0,0,0,0,0,0,0,0,0,0,0,0,0,0,0,0,0,0,0,0,0,0,0,0,0,0,0,0,0,0,0,0,0,0,0,0,0,0,0,0,0,0,0,0,0,0,0,0,0,0,0,0,0,0,0,0,0,0,0,0,0,0,0,0,0,0,0,0,0,0,0,0,0,0,0,0,0,0,0,0,0,0,0,0,0,0,0,0,0,0,0,0,0,0,0,0,0,0,0,0,0,0,0,0,
standard.csv,202,202,0,0,0,0,0,0,0,0,0,0,0,0,0,0,0,0,0,0,0,0,0,0,0,0,0,0,0,0,0,0,0,0,0,0,0,0,0,0,0,0,0,0,0,0,0,0,0,0,0,0,0,0,0,0,0,0,0,0,0,0,0,0,0,0,0,0,0,0,0,0,0,0,0,0,0,0,0,0,0,0,0,0,0,0,0,0,0,0,0,0,0,0,0,0,0,0,0,0,0,0,0,0,0,0,0,0,0,0,0,0,0,0,1,0,0,1,0,0,0,0,0,0,0,0,0,0,0,0,0,0,0,0,0,0,0,0,0,0,0,0,0,0,0,4,0,11,11,0,0,0,7,9,0,0,0,1,124,1,1,1,1,2,2,2,2,0,100,
MQTT.js.csv,4840,4841,29,0,0,0,0,0,0,0,0,0,0,0,0,0,0,0,0,0,0,0,0,0,0,0,0,0,0,0,0,0,0,0,0,0,0,17,0,105,0,17,0,5,46,0,13,0,4,4,4,4,0,0,0,0,0,0,0,0,8,16,0,0,0,0,0,0,0,0,0,0,0,0,0,0,0,0,0,0,0,0,0,0,0,0,0,0,0,0,0,0,0,0,0,0,0,0,0,0,0,0,0,0,0,0,0,0,0,0,0,0,0,0,25,2,5,17,16,0,0,0,6,0,1,0,0,0,3,3,0,0,0,0,3,3,0,0,0,0,0,0,0,0,0,408,0,47,47,0,0,0,26,34,0,0,0,15,99,5,5,5,5,22,15,21,14,0,202,
jsdoc.csv,22475,22497,269,3,0,0,0,0,0,0,0,0,0,0,0,0,0,0,0,0,0,0,0,0,0,0,0,0,0,0,0,0,0,0,0,0,0,45,0,236,28,44,3,14,94,0,26,0,4,4,4,4,4,0,1,0,12,0,0,0,1,1,8,46,0,3,10,0,0,0,0,0,0,0,0,0,0,0,0,0,0,0,0,0,0,2,0,0,1,4,0,0,0,0,0,0,0,0,0,0,0,0,0,0,0,0,0,0,0,0,0,0,0,0,0,0,0,0,0,0,0,0,0,0,0,0,0,0,0,0,0,0,0,0,0,0,0,0,0,0,0,0,0,0,0,29,5,46,36,0,0,0,22,35,0,0,0,4,297,1,1,1,1,22,2,18,2,4,403,
showdown.csv,8664,8687,3,184,0,0,0,0,0,0,0,0,0,0,0,0,0,0,0,0,0,0,0,0,0,0,0,0,0,0,0,0,0,0,0,0,0,8,0,18,5,8,0,1,18,0,5,0,0,0,0,0,0,0,0,0,0,0,0,0,0,0,0,0,0,0,0,0,0,0,0,0,0,0,0,0,0,0,0,0,0,0,0,0,0,0,0,0,0,0,0,0,0,0,0,0,0,0,0,0,0,0,0,0,0,0,0,0,0,0,0,0,0,0,0,0,0,0,0,0,0,0,0,0,0,0,0,0,0,0,0,0,0,0,0,0,0,0,0,0,0,0,0,0,0,0,0,1,1,0,0,0,0,1,0,0,0,0,5,0,0,0,0,0,0,0,0,0,5,
node-mongodb-native.csv,85400,85401,132,12,0,0,0,0,0,0,0,0,0,0,0,0,0,0,0,0,0,0,0,0,0,0,0,0,0,0,0,0,0,0,0,0,0,409,0,1474,253,409,50,42,1178,0,223,0,42,42,38,38,24,0,0,0,57,25,0,0,6,27,52,55,28,1091,6372,24,69,169,3,0,0,8,0,37,4,4,4,4,0,18,11,0,28,276,0,17,0,0,0,0,0,0,0,0,0,0,0,0,0,0,0,0,0,0,0,0,0,0,0,0,0,0,17,9,11,63,0,2,0,0,33,0,1,0,0,3,0,0,0,0,0,0,0,0,9,36,0,1,0,0,0,0,0,529,27,4155,4110,18,227,0,340,1247,0,4,0,158,16607,50,38,34,28,919,385,469,259,29,32874,
johnny-five.csv,56671,56768,1,0,0,0,0,0,0,0,0,0,0,0,0,0,0,0,0,0,0,0,0,0,0,0,0,0,0,0,0,0,0,0,0,0,0,8,0,40,3,8,0,2,14,0,8,0,0,0,0,0,0,0,0,0,0,0,0,0,0,0,25,15,0,14,333,0,0,0,0,0,0,0,0,0,0,0,0,0,0,0,0,0,0,13,0,6,0,0,0,0,0,0,0,0,0,0,0,0,0,0,0,0,0,0,0,0,0,0,0,0,0,0,1,0,10,2,0,0,0,0,0,0,0,0,0,0,0,0,0,0,0,0,0,0,0,0,0,0,0,0,0,0,0,1570,70,16,16,0,5,0,2,3,0,0,0,1,9,0,0,0,0,33,0,11,0,0,244,
node-postgres.csv,6911,6914,102,0,0,0,0,0,0,0,0,0,0,0,0,0,0,0,0,0,0,0,0,0,0,0,0,0,0,0,0,0,0,0,0,0,0,6,0,6,6,6,0,1,12,0,2,0,1,1,1,1,0,0,0,0,3,0,0,0,0,0,5,3,2,19,45,0,12,23,0,2,0,0,0,3,0,0,0,0,0,3,1,0,5,10,0,0,0,0,0,0,0,0,0,0,0,0,0,0,0,0,0,0,0,0,0,0,0,0,0,0,0,0,16,2,18,44,1,3,0,0,5,0,1,0,0,0,3,3,0,1,0,0,2,2,2,9,0,0,0,0,0,0,2,213,4,158,152,1,23,2,37,62,0,10,0,15,236,22,16,19,13,32,19,24,17,0,866,
mongoose.csv,78073,78093,94,0,0,0,0,0,0,0,0,0,0,0,0,0,0,0,0,0,0,0,0,0,0,0,0,0,0,0,0,0,0,0,0,0,0,246,0,851,164,246,2,43,631,0,145,0,12,12,9,9,7,0,0,0,29,27,0,0,0,0,19,82,4,358,1639,26,108,38,12,0,0,12,0,3,1,1,1,1,0,1,1,0,1,47,0,3,0,0,0,0,0,0,0,0,0,0,0,0,0,0,0,0,0,0,0,0,0,0,0,0,0,0,24,1,18,52,3,2,0,0,2,0,0,0,0,0,0,0,0,0,0,0,0,0,2,2,0,0,0,0,0,0,1,284,4,2888,2875,0,54,9,390,1353,0,1,1,79,15975,392,186,328,141,611,257,326,189,3,19976,
homebridge.csv,1405,1405,0,0,0,0,0,0,0,0,0,0,0,0,0,0,0,0,0,0,0,0,0,0,0,0,0,0,0,0,0,0,0,0,0,0,0,6,0,14,5,6,0,1,26,0,2,2,2,2,2,2,2,0,1,0,0,0,0,0,0,0,0,1,0,0,0,0,0,0,0,0,0,0,0,0,0,0,0,0,0,0,0,0,0,0,0,0,0,0,0,0,0,0,0,0,0,0,0,0,0,0,0,0,0,0,0,0,0,0,0,0,0,0,0,0,0,0,0,0,0,0,0,0,0,0,0,0,0,0,0,0,0,0,0,0,0,0,0,0,0,0,0,0,0,30,1,0,0,0,0,0,0,0,0,0,0,0,0,0,0,0,0,0,0,0,0,0,0,
peerflix.csv,184,184,0,0,0,0,0,0,0,0,0,0,0,0,0,0,0,0,0,0,0,0,0,0,0,0,0,0,0,0,0,0,0,0,0,0,0,0,0,0,0,0,0,0,0,0,0,0,0,0,0,0,0,0,0,0,0,0,0,0,0,0,0,0,0,0,0,0,0,0,0,0,0,0,0,0,0,0,0,0,0,0,0,0,0,0,0,0,0,0,0,0,0,0,0,0,0,0,0,0,0,0,0,0,0,0,0,0,0,0,0,0,0,0,0,0,0,0,0,0,0,0,0,0,0,0,0,0,0,0,0,0,0,0,0,0,0,0,0,0,0,0,0,0,0,6,0,1,1,0,0,0,1,0,0,0,0,0,0,0,0,0,0,16,1,1,1,0,129,
