"repository","numberOfFiles","numberOfLogicalLines","numberOfPhysicalLines","numberOfStrictModeGlobal","numberOfStrictModeLocal","numberOfWindowOnError","numberOfWindowOnErrorLines","numberOfWindowOnErrorEmptyHandler","numberOfWindowOnErrorOnNoUsageOfErrorArgument","numberOfWindowOnErrorUniqueStatement","numberOfWindowOnErrorUniqueConsole","numberOfWindowOnErrorThrows","numberOfWindowOnErrorThatThrows","numberOfWindowOnErrorRethrows","numberOfWindowOnErrorThatRethrows","numberOfWindowOnErrorReturns","numberOfWindowOnErrorThatReturns","numberOfWindowOnErrorThatReturnsLiteral","numberOfWindowOnErrorContinues","numberOfWindowOnErrorThatContinues","numberOfWindowOnErrorBreaks","numberOfWindowOnErrorThatBreaks","numberOfWindowAddEventListener","numberOfWindowAddEventListenerLines","numberOfWindowAddEventListenerEmptyHandler","numberOfWindowAddEventListenerNoUsageOfErrorArgument","numberOfWindowAddEventListenerThatThrows","numberOfWindowAddEventListenerRethrows","numberOfWindowAddEventListenerThatRethrows","numberOfWindowAddEventListenerUniqueStatement","numberOfWindowAddEventListenerUniqueConsole","numberOfWindowAddEventListenerThrows","numberOfWindowAddEventListenerReturns","numberOfWindowAddEventListenerThatReturns","numberOfWindowAddEventListenerThatReturnsLiteral","numberOfWindowAddEventListenerContinues","numberOfWindowAddEventListenerThatContinues","numberOfWindowAddEventListenerBreaks","numberOfWindowAddEventListenerThatBreaks","numberOfElementOnError","numberOfElementOnErrorLines","numberOfElementOnErrorEmptyHandler","numberOfElementOnErrorOnNoUsageOfErrorArgument","numberOfElementOnErrorUniqueStatement","numberOfElementOnErrorUniqueConsole","numberOfElementOnErrorThrows","numberOfElementOnErrorThatThrows","numberOfElementOnErrorRethrows","numberOfElementOnErrorThatRethrows","numberOfElementOnErrorReturns","numberOfElementOnErrorThatReturns","numberOfElementOnErrorThatReturnsLiteral","numberOfElementOnErrorContinues","numberOfElementOnErrorThatContinues","numberOfElementOnErrorBreaks","numberOfElementOnErrorThatBreaks","tryCatchNumberOfTries","tryCatchNumberOfEmptyTries","tryCatchNumberOfTriesLines","tryCatchNumberOfTriesWithUniqueStatement","tryCatchNumberOfCatches","tryCatchNumberOfEmptyCatches","tryCatchNumberOfCatchesNoUsageOfErrorArgument","tryCatchNumberOfCatchesLines","tryCatchNumberOfCatchesWithUniqueConsole","tryCatchNumberOfCatchesWithUniqueStatement","tryCatchNumberOfCatchesAlertOnly","tryCatchNumberOfErrorReassigning","tryCatchNumberOfCatchesThrows","tryCatchNumberOfCatchesThrowsLiteral","tryCatchNumberOfCatchesThrowsErrorObject","tryCatchNumberOfCatchesThatThrows","tryCatchNumberOfCatchesThatThrowsLiteral","tryCatchNumberOfCatchesThatThrowsLiteralOnly","tryCatchNumberOfCatchesThatThrowsUndefined","tryCatchNumberOfCatchesThatThrowsUndefinedOnly","tryCatchNumberOfCatchesThatThrowsNull","tryCatchNumberOfCatchesThatThrowsNullOnly","tryCatchNumberOfCatchesThatThrowsErrorObject","tryCatchNumberOfCatchesRethrows","tryCatchNumberOfCatchesThatRethrows","tryCatchNumberOfCatchesReturns","tryCatchNumberOfCatchesReturnsLiteral","tryCatchNumberOfCatchesReturnsErrorObject","tryCatchNumberOfCatchesThatReturns","tryCatchNumberOfCatchesThatReturnsLiteral","tryCatchNumberOfCatchesThatReturnsUndefined","tryCatchNumberOfCatchesThatReturnsNull","tryCatchNumberOfCatchesThatReturnsErrorObject","tryCatchNumberOfCatchesThatRereturns","tryCatchNumberOfCatchesContinues","tryCatchNumberOfCatchesThatContinues","tryCatchNumberOfCatchesBreaks","tryCatchNumberOfCatchesThatBreaks","tryCatchNumberOfCatchesBreaksOnly","tryCatchNumberOfFinallies","tryCatchNumberOfFinalliesLines","promiseNumberOfPromises","promiseNumberOfResolves","promiseNumberOfRejects","promiseNumberOfPromiseThens","promiseNumberOfPromiseThenFulfilledLines","promiseNumberOfPromiseThenRejectedLines","promiseNumberOfPromiseCatches","promiseNumberOfPromiseCatchesLines","promiseNumberOfEmptyFunctionsOnPromiseCatches","promiseNumberOfFunctionsOnCatchesNoUsageOfErrorArgument","promiseNumberOfCatchesWithNoArg","promiseNumberOfCatchesFunctionWithNoArg","promiseNumberOfCatchesWithUniqueConsole","promiseNumberOfCatchesWithUniqueStatement","promiseNumberOfCatchesAlertOnly","promiseNumberOfErrorReassigning","promiseNumberOfCatchesThrows","promiseNumberOfCatchesThrowsLiteral","promiseNumberOfCatchesThrowsErrorObject","promiseNumberOfCatchesThatThrows","promiseNumberOfCatchesThatThrowsLiteral","promiseNumberOfCatchesThatThrowsLiteralOnly","promiseNumberOfCatchesThatThrowsUndefined","promiseNumberOfCatchesThatThrowsUndefinedOnly","promiseNumberOfCatchesThatThrowsNull","promiseNumberOfCatchesThatThrowsNullOnly","promiseNumberOfCatchesThatThrowsErrorObject","promiseNumberOfCatchesRethrows","promiseNumberOfCatchesThatRethrows","promiseNumberOfCatchesReturns","promiseNumberOfCatchesReturnsLiteral","promiseNumberOfCatchesReturnsErrorObject","promiseNumberOfCatchesThatReturns","promiseNumberOfCatchesThatReturnsLiteral","promiseNumberOfCatchesThatReturnsLiteralOnly","promiseNumberOfCatchesThatReturnsUndefined","promiseNumberOfCatchesThatReturnsUndefinedOnly","promiseNumberOfCatchesThatReturnsNull","promiseNumberOfCatchesThatReturnsNullOnly","promiseNumberOfCatchesThatReturnsErrorObject","promiseNumberOfCatchesThatRereturns","promiseNumberOfCatchesContinues","promiseNumberOfCatchesThatContinues","promiseNumberOfCatchesBreaks","promiseNumberOfCatchesThatBreaks","promiseNumberOfCatchesRejectsLiteral","promiseNumberOfCatchesNonAnErrorObject","promiseNumberOfChainingCatches","promiseNumberOfNonCaughtPromises","promiseNumberOfPromiseRaces","promiseNumberOfPromiseAll","asyncAwaitNumberOfAsyncs","asyncAwaitNumberOfAwaits","asyncAwaitNumberOfTries","asyncAwaitNumberOfTriesLines","asyncAwaitNumberOfCatches","asyncAwaitNumberOfEmptyCatches","asyncAwaitNumberOfCatchesNoUsageOfErrorArgument","asyncAwaitNumberOfCatchesLines","asyncAwaitNumberOfCatchesWithUniqueConsole","asyncAwaitNumberOfCatchesWithUniqueStatement","asyncAwaitNumberOfAwaitErrorArgsOnCatches","asyncAwaitNumberOfHandlersThrows","asyncAwaitNumberOfHandlersThrowsLiteral","asyncAwaitNumberOfHandlersThrowsErrorObject","asyncAwaitNumberOfHandlersThatThrows","asyncAwaitNumberOfHandlersThatThrowsLiteral","asyncAwaitNumberOfHandlersThatThrowsLiteralOnly","asyncAwaitNumberOfHandlersThatThrowsUndefined","asyncAwaitNumberOfHandlersThatThrowsUndefinedOnly","asyncAwaitNumberOfHandlersThatThrowsNull","asyncAwaitNumberOfHandlersThatThrowsNullOnly","asyncAwaitNumberOfHandlersThatThrowsErrorObject","asyncAwaitNumberOfHandlersRethrows","asyncAwaitNumberOfHandlersThatRethrows","asyncAwaitNumberOfHandlersReturns","asyncAwaitNumberOfHandlersReturnsLiteral","asyncAwaitNumberOfHandlersReturnsErrorObject","asyncAwaitNumberOfHandlersThatReturns","asyncAwaitNumberOfHandlersThatReturnsLiteral","asyncAwaitNumberOfHandlersThatReturnsLiteralOnly","asyncAwaitNumberOfHandlersThatReturnsUndefined","asyncAwaitNumberOfHandlersThatReturnsNull","asyncAwaitNumberOfHandlersThatReturnsErrorObject","asyncAwaitNumberOfHandlersThatRereturns","asyncAwaitNumberOfHandlersContinues","asyncAwaitNumberOfHandlersThatContinues","asyncAwaitNumberOfHandlersBreaks","asyncAwaitNumberOfHandlersThatBreaks","asyncAwaitNumberOfHandlersBreaksOnly","asyncAwaitNumberOfBreaksOnCatchesUniqueStatement","asyncAwaitNumberOfFinallies","asyncAwaitNumberOfFinalliesLines","eventsNumberOfEventMethodsOn","eventsNumberOfEventMethodsOnce","eventsNumberOfEventMethodsEmit","eventsNumberOfEventOnLines","eventsNumberOfEventOnEmptyFunctions","eventsNumberOfEventOnNoUsageOfErrorArgument","eventsNumberOfEventOnWithUniqueConsole","eventsNumberOfEventOnWithUniqueStatement","eventsNumberOfEventOnceLines","eventsNumberOfEventOnceEmptyFunctions","eventsNumberOfEventOnceNoUsageOfErrorArgument","eventsNumberOfEventOnceWithUniqueConsole","eventsNumberOfEventOnceWithUniqueStatement","eventsNumberOfEventEmitLines","eventsNumberOfCatchesAlertOnly","eventsNumberOfErrorReassigning","eventsNumberOfHandlersThrows","eventsNumberOfHandlersThrowsLiteral","eventsNumberOfHandlersThrowsErrorObject","eventsNumberOfHandlersThatThrows","eventsNumberOfHandlersThatThrowsLiteral","eventsNumberOfHandlersThatThrowsLiteralOnly","eventsNumberOfHandlersThatThrowsUndefined","eventsNumberOfHandlersThatThrowsUndefinedOnly","eventsNumberOfHandlersThatThrowsNull","eventsNumberOfHandlersThatThrowsNullOnly","eventsNumberOfHandlersThatThrowsErrorObject","eventsNumberOfHandlersRethrows","eventsNumberOfHandlersThatRethrows","eventsNumberOfThrowPrimitiveTypesOnCatches","eventsNumberOfHandlersReturns","eventsNumberOfHandlersReturnsLiteral","eventsNumberOfHandlersReturnsErrorObject","eventsNumberOfHandlersThatReturns","eventsNumberOfHandlersThatReturnsLiteral","eventsNumberOfHandlersThatReturnsUndefined","eventsNumberOfHandlersThatReturnsNull","eventsNumberOfHandlersThatReturnsErrorObject","eventsNumberOfHandlersThatRereturns","eventsNumberOfHandlersContinues","eventsNumberOfHandlersThatContinues","eventsNumberOfHandlersBreaks","eventsNumberOfHandlersThatBreaks","eventsNumberOfHandlersBreaksOnly","eventsNumberOfEventUncaughtException","eventsNumberOfEventUncaughtExceptionLines","eventsNumberOfUncaughtExceptionEmpty","eventsNumberOfUncaughtExceptionNoUsageOfErrorArgument","eventsNumberOfUncaughtExceptionWithUniqueStatement","eventsNumberOfUncaughtExceptionWithUniqueConsole","eventsNumberOfUncaughtExceptionReturns","eventsNumberOfUncaughtExceptionThrows","eventsNumberOfEventUnhandledRejection","eventsTotalOfStringEvents","eventsTotalOfEventsExceptStringType","callbacksNumberOfCallbackErrorFunctions","callbacksNumberOfFirstErrorArgFunctions","callbacksNumberOfEmptyCallbacks","callbacksNumberOfFunctionsNoUsageOfErrorArgument","callbacksNumberOfFunctionsWithUniqueConsole","callbacksNumberOfFunctionsWithUniqueStatement","callbacksNumberOfFunctionsWithUniqueErrorArg","callbacksNumberOfEmptyFunctionsWithUniqueErrorArg","callbacksNumberOfFunctionsNoUsageOfErrorArgumentWithUniqueErrorArg","callbacksNumberOfFunctionsWithUniqueErrorArgWithUniqueConsole","callbacksNumberOfFunctionsWithUniqueErrorArgWithUniqueStatement","callbacksNumberOfLinesOfFunctionsWithUniqueErrorArg","callbacksNumberOfHandlersAlertOnly","callbacksNumberOfErrorReassigning","callbacksNumberOfHandlersThrows","callbacksNumberOfHandlersThrowsLiteral","callbacksNumberOfHandlersThrowsErrorObject","callbacksNumberOfHandlersThatThrows","callbacksNumberOfHandlersThatThrowsLiteral","callbacksNumberOfHandlersThatThrowsLiteralOnly","callbacksNumberOfHandlersThatThrowsUndefined","callbacksNumberOfHandlersThatThrowsUndefinedOnly","callbacksNumberOfHandlersThatThrowsNull","callbacksNumberOfHandlersThatThrowsNullOnly","callbacksNumberOfHandlersThatThrowsErrorObject","callbacksNumberOfHandlersRethrows","callbacksNumberOfHandlersThatRethrows","callbacksNumberOfHandlersReturns","callbacksNumberOfHandlersReturnsLiteral","callbacksNumberOfHandlersReturnsErrorObject","callbacksNumberOfHandlersThatReturns","callbacksNumberOfHandlersThatReturnsLiteral","callbacksNumberOfHandlersThatReturnsUndefined","callbacksNumberOfHandlersThatReturnsNull","callbacksNumberOfHandlersThatReturnsErrorObject","callbacksNumberOfHandlersThatRereturns","callbacksNumberOfHandlersContinues","callbacksNumberOfHandlersThatContinues","callbacksNumberOfHandlersBreaks","callbacksNumberOfHandlersThatBreaks","callbacksNumberOfHandlersBreaksOnly","callbacksNumberOfLines"
"Faker.js",1391,777454,777548,0,16,0,0,0,0,0,0,0,0,0,0,0,0,0,0,0,0,0,0,0,0,0,0,0,0,0,0,0,0,0,0,0,0,0,0,0,0,0,0,0,0,0,0,0,0,0,0,0,0,0,0,0,452,0,1225,396,452,57,334,935,0,379,0,18,14,0,0,14,0,0,0,0,0,0,0,14,14,32,11,0,23,11,0,0,0,0,0,0,0,0,0,13,32,0,1,0,1,0,0,0,0,0,0,0,0,0,0,0,0,0,0,0,0,0,0,0,0,0,0,0,0,0,0,0,0,0,0,0,0,0,0,0,0,0,0,0,0,0,0,0,0,1,0,0,0,0,0,0,0,0,0,0,0,0,0,0,0,0,0,0,0,0,0,0,0,0,0,0,0,0,0,0,0,0,0,0,0,0,0,0,0,0,0,0,0,0,0,0,0,0,0,0,0,0,0,0,0,0,0,0,0,0,0,0,0,0,0,0,0,0,0,0,0,0,0,0,0,0,0,0,0,0,0,0,0,0,0,0,0,0,0,0,0,0,0,0,0,0,0,37,10,210,178,0,2,0,15,168,0,1,0,6,949,0,10,1,0,0,1,0,0,0,0,0,0,0,1,1,147,0,0,230,0,0,0,0,0,1,1,12,5,0,1627
"Ghost",632,68336,68587,1,0,0,0,0,0,0,0,0,0,0,0,0,0,0,0,0,0,0,0,0,0,0,0,0,0,0,0,0,0,0,0,0,0,0,0,0,0,0,0,0,0,0,0,0,0,0,0,0,0,0,0,0,93,0,518,21,93,2,8,409,0,37,0,2,15,0,0,11,0,0,0,0,0,0,0,5,5,42,0,2,40,0,0,0,2,0,0,0,0,0,0,0,0,533,296,182,2098,13001,82,1134,1309,2,0,0,14,0,63,0,2,24,0,0,16,0,0,0,0,0,0,0,14,12,54,1,0,46,1,1,0,0,0,0,0,0,0,0,0,0,4,182,49,64,0,27,0,0,0,0,0,0,0,0,0,0,0,0,0,0,0,0,0,0,0,0,0,0,0,0,0,0,0,0,0,0,0,0,0,0,0,0,0,0,0,0,0,0,3,0,0,21,0,0,0,0,0,0,0,0,0,0,0,0,0,0,0,0,0,0,0,0,0,0,0,0,0,0,0,0,0,0,0,0,0,0,0,0,0,0,0,0,0,0,0,0,0,0,0,0,0,89,6,683,672,0,0,0,336,430,0,0,0,69,1747,0,13,26,0,1,17,0,0,0,0,0,0,1,16,13,426,0,0,672,0,0,0,0,0,0,0,0,0,0,4713
"JavaScript-MD5",6,12382,12382,0,16,0,0,0,0,0,0,0,0,0,0,0,0,0,0,0,0,0,0,0,0,0,0,0,0,0,0,0,0,0,0,0,0,0,0,0,0,0,0,0,0,0,0,0,0,0,0,0,0,0,0,0,122,0,499,75,122,41,46,362,0,75,0,4,24,0,0,21,0,0,0,0,0,0,3,18,15,50,15,0,34,15,0,0,0,0,0,0,6,3,3,6,24,0,3,0,1,2,1,0,0,0,0,0,0,0,0,0,0,0,0,0,0,0,0,0,0,0,0,0,0,0,0,0,0,0,0,0,0,0,0,0,0,0,0,0,0,0,0,0,0,1,0,0,0,0,0,0,0,0,0,0,0,0,0,0,0,0,0,0,0,0,0,0,0,0,0,0,0,0,0,0,0,0,0,0,0,0,0,0,0,0,0,0,0,0,2,0,12,4,0,0,0,0,0,0,0,0,0,0,0,0,0,0,0,0,0,0,0,0,0,0,0,0,0,0,0,0,0,0,0,0,0,0,0,0,0,0,0,0,1,0,0,0,0,0,0,0,0,166,4,57,41,0,0,1,21,30,0,0,0,10,246,0,6,4,0,2,3,0,0,0,0,0,0,1,2,2,76,0,0,66,0,0,1,0,1,0,0,2,1,0,580
"MQTT.js",31,4840,4841,29,0,0,0,0,0,0,0,0,0,0,0,0,0,0,0,0,0,0,0,0,0,0,0,0,0,0,0,0,0,0,0,0,0,0,0,0,0,0,0,0,0,0,0,0,0,0,0,0,0,0,0,0,17,0,105,0,17,0,5,46,0,13,0,0,4,0,0,4,0,0,0,0,0,0,0,4,4,0,0,0,0,0,0,0,0,0,0,0,0,0,0,8,16,0,0,0,0,0,0,0,0,0,0,0,0,0,0,0,0,0,0,0,0,0,0,0,0,0,0,0,0,0,0,0,0,0,0,0,0,0,0,0,0,0,0,0,0,0,0,0,0,0,0,0,0,0,0,0,0,0,0,0,0,0,0,0,0,0,0,0,0,0,0,0,0,0,0,0,0,0,0,0,0,0,0,0,0,0,0,0,0,0,0,0,0,0,25,2,5,17,16,0,0,0,6,0,1,0,0,0,0,3,3,0,0,3,0,0,0,0,0,0,0,3,3,0,0,0,0,0,0,0,0,0,0,0,0,0,0,0,0,0,0,0,0,0,0,0,0,408,0,47,47,0,0,0,26,34,0,0,0,15,99,0,0,5,0,0,5,0,0,0,0,0,0,0,5,5,22,0,0,42,0,0,0,0,0,0,0,0,0,0,202
"MagicMirror",99,7320,7367,2,3,0,0,0,0,0,0,0,0,0,0,0,0,0,0,0,0,0,0,0,0,0,0,0,0,0,0,0,0,0,0,0,0,0,0,0,0,0,0,0,0,0,0,0,0,0,0,0,0,0,0,0,13,0,47,8,13,0,6,73,0,8,0,0,4,0,0,4,0,0,0,0,0,0,0,4,4,5,0,0,5,0,0,0,0,0,1,1,0,0,0,0,0,6,19,1,27,64,0,4,1,0,0,0,0,0,1,0,0,0,0,0,0,0,0,0,0,0,0,0,0,0,0,0,0,0,0,0,0,0,0,0,0,0,0,0,0,0,0,1,1,1,0,1,0,0,0,0,0,0,0,0,0,0,0,0,0,0,0,0,0,0,0,0,0,0,0,0,0,0,0,0,0,0,0,0,0,0,0,0,0,0,0,0,0,0,5,0,0,14,0,0,0,0,0,0,0,0,0,0,0,0,0,0,0,0,0,0,0,0,0,0,0,0,0,0,0,0,0,0,0,0,0,0,0,0,0,0,0,0,1,4,0,0,0,0,0,0,0,24,1,38,30,0,11,1,14,13,0,0,0,9,22,0,2,1,0,0,1,0,0,0,0,0,0,0,1,1,8,1,0,10,1,0,0,0,0,6,1,1,1,0,310
"NodeBB",645,88000,88021,558,19,0,0,0,0,0,0,0,0,0,0,0,0,0,0,0,0,0,0,0,0,0,0,0,0,0,0,0,0,0,0,0,0,0,0,0,0,0,0,0,0,0,0,0,0,0,0,0,0,0,0,0,194,0,679,112,194,27,64,399,2,135,0,2,6,0,0,6,2,2,0,0,0,0,0,3,3,69,7,0,68,7,0,5,0,0,0,0,0,0,0,0,0,10,25,2,38,316,2,4,3,0,0,0,1,1,3,0,0,0,0,0,0,0,0,0,0,0,0,0,0,0,1,0,0,1,0,0,0,0,0,0,0,0,0,0,0,0,0,2,0,8,0,5,0,0,0,0,0,0,0,0,0,0,0,0,0,0,0,0,0,0,0,0,0,0,0,0,0,0,0,0,0,0,0,0,0,0,0,0,0,0,0,0,0,0,11,0,7,37,0,0,0,0,0,0,0,0,0,0,0,2,2,0,0,2,0,0,0,0,0,0,0,2,2,0,0,0,0,0,0,0,0,0,0,0,0,2,1,0,1,3,0,0,0,0,0,0,0,809,46,3002,2927,0,11,3,812,1252,0,0,1,223,7658,0,22,36,3,0,31,2,0,0,0,0,0,0,28,28,1175,37,0,1524,20,0,3,0,4,2,2,70,15,0,18672
"PapaParse",8,3849,3849,1,1,0,0,0,0,0,0,0,0,0,0,0,0,0,0,0,0,0,0,0,0,0,0,0,0,0,0,0,0,0,0,0,0,0,0,0,0,0,0,0,0,0,0,0,0,0,0,0,0,0,0,0,9,0,33,6,9,0,0,27,0,6,0,0,3,0,0,3,0,0,0,0,0,0,0,3,3,0,0,0,0,0,0,0,0,0,0,0,0,0,0,0,0,0,0,0,0,0,0,0,0,0,0,0,0,0,0,0,0,0,0,0,0,0,0,0,0,0,0,0,0,0,0,0,0,0,0,0,0,0,0,0,0,0,0,0,0,0,0,0,0,0,0,0,0,0,0,0,0,0,0,0,0,0,0,0,0,0,0,0,0,0,0,0,0,0,0,0,0,0,0,0,0,0,0,0,0,0,0,0,0,0,0,0,0,0,0,0,0,0,0,0,0,0,0,0,0,0,0,0,0,0,0,0,0,0,0,0,0,0,0,0,0,0,0,0,0,0,0,0,0,0,0,0,0,0,0,0,0,0,0,0,0,0,0,0,0,0,0,7,0,13,12,0,0,0,4,11,0,0,0,3,83,0,0,1,0,0,1,0,0,0,0,0,0,0,1,1,0,0,0,0,0,0,0,0,0,0,0,1,1,0,100
"RxJS",431,14748,15039,9,2,0,0,0,0,0,0,0,0,0,0,0,0,0,0,0,0,0,0,0,0,0,0,0,0,0,0,0,0,0,0,0,0,0,0,0,0,0,0,0,0,0,0,0,0,0,0,0,0,0,0,0,40,0,389,5,35,1,2,109,4,27,0,0,12,0,0,12,0,0,0,0,0,0,7,12,12,4,2,0,4,2,0,0,0,0,0,0,0,0,0,5,15,18,105,6,69,161,7,10,29,0,0,0,6,0,4,0,0,0,0,0,0,0,0,0,0,0,0,0,0,0,6,0,0,6,0,0,0,0,0,0,0,0,0,0,0,0,1,6,0,36,0,8,0,0,0,0,0,0,0,0,0,0,0,0,0,0,0,0,0,0,0,0,0,0,0,0,0,0,0,0,0,0,0,0,0,0,0,0,0,0,0,0,0,0,2,0,0,4,0,0,0,0,0,0,0,0,0,0,0,1,1,0,0,1,0,0,0,0,0,0,0,1,1,0,0,0,0,0,0,0,0,0,0,0,0,0,0,0,0,0,0,0,0,0,0,0,0,9,4,186,184,168,2,1,6,181,168,0,0,2,82,0,3,1,0,0,1,0,0,0,0,0,0,0,1,1,10,0,0,12,0,0,0,0,0,0,0,0,0,0,126
"UglifyJS2",185,34604,34646,14,0,0,0,0,0,0,0,0,0,0,0,0,0,0,0,0,0,0,0,0,0,0,0,0,0,0,0,0,0,0,0,0,0,0,0,0,0,0,0,0,0,0,0,0,0,0,0,0,0,0,0,0,134,1,661,107,117,5,42,335,28,95,0,0,18,0,0,18,8,8,0,0,0,0,1,9,9,12,0,0,12,0,0,0,0,1,0,0,0,0,0,24,53,0,2,0,0,0,0,0,0,0,0,0,0,0,0,0,0,0,0,0,0,0,0,0,0,0,0,0,0,0,0,0,0,0,0,0,0,0,0,0,0,0,0,0,0,0,0,0,0,0,0,0,0,0,0,0,0,0,0,0,0,0,0,0,0,0,0,0,0,0,0,0,0,0,0,0,0,0,0,0,0,0,0,0,0,0,0,0,0,0,0,0,0,0,1,1,0,13,0,0,0,0,7,0,1,0,0,0,0,0,0,0,0,0,0,0,0,0,0,0,0,0,0,0,2,0,0,1,0,0,0,0,0,0,0,0,0,0,2,7,0,1,0,0,0,0,0,10,0,97,94,0,4,0,60,25,0,2,0,14,98,0,1,38,0,0,38,0,0,0,0,0,0,0,37,37,36,0,0,48,0,0,1,0,0,0,0,0,0,0,532
"apidoc",92,3973,3990,0,1,0,0,0,0,0,0,0,0,0,0,0,0,0,0,0,0,0,0,0,0,0,0,0,0,0,0,0,0,0,0,0,0,0,0,0,0,0,0,0,0,0,0,0,0,0,0,0,0,0,0,0,41,0,461,12,33,11,13,51,0,17,0,0,3,0,0,3,0,0,0,0,0,0,3,0,0,5,1,0,5,1,0,0,0,0,0,0,0,0,0,8,16,3,0,0,2,4,4,0,0,0,0,0,0,0,0,0,0,0,0,0,0,0,0,0,0,0,0,0,0,0,0,0,0,0,0,0,0,0,0,0,0,0,0,0,0,0,0,0,0,1,1,0,0,0,0,0,0,0,0,0,0,0,0,0,0,0,0,0,0,0,0,0,0,0,0,0,0,0,0,0,0,0,0,0,0,0,0,0,0,0,0,0,0,0,1,0,0,3,0,0,0,0,0,0,0,0,0,0,0,0,0,0,0,0,0,0,0,0,0,0,0,0,0,0,0,0,0,0,0,0,0,0,0,0,0,0,0,0,1,3,0,0,0,0,0,0,0,10,0,29,24,0,1,0,10,19,0,1,0,1,273,0,6,6,0,0,3,0,0,0,0,0,0,0,6,3,21,0,0,24,0,0,0,0,0,0,0,0,0,0,400
"art-template",68,17639,18199,22,50,0,0,0,0,0,0,0,0,0,0,0,0,0,0,0,0,0,0,0,0,0,0,0,0,0,0,0,0,0,0,0,0,0,0,0,0,0,0,0,0,0,0,0,0,0,0,0,0,0,0,0,69,0,191,48,69,16,12,376,0,24,0,9,25,0,0,25,0,0,0,0,0,0,0,13,13,38,3,0,30,3,0,0,0,0,0,0,7,7,0,0,0,0,22,0,0,0,0,0,0,0,0,0,0,0,0,0,0,0,0,0,0,0,0,0,0,0,0,0,0,0,0,0,0,0,0,0,0,0,0,0,0,0,0,0,0,0,0,0,0,0,0,0,0,0,0,0,0,0,0,0,0,0,0,0,0,0,0,0,0,0,0,0,0,0,0,0,0,0,0,0,0,0,0,0,0,0,0,0,0,0,0,0,0,0,0,0,6,0,0,0,0,0,0,0,0,0,0,0,0,0,0,0,0,0,0,0,0,0,0,0,0,0,0,0,0,0,0,0,0,0,0,0,0,0,0,0,0,0,0,0,0,0,0,0,0,0,0,22,2,248,198,1,5,3,59,105,0,0,3,50,977,0,34,17,0,0,10,0,0,0,0,0,0,0,1,1,298,3,0,308,3,0,0,0,15,4,4,40,12,0,2213
"atom",250,67021,67388,54,0,0,0,0,0,0,0,0,0,0,0,0,0,0,0,0,0,0,0,0,0,0,0,0,0,0,0,0,0,0,0,0,0,0,0,0,0,0,0,0,0,0,0,0,0,0,0,0,0,0,0,0,141,0,596,95,136,32,18,302,8,68,0,18,11,0,0,11,0,0,0,0,0,0,0,11,11,27,3,0,27,3,1,9,0,0,0,0,0,0,0,6,17,194,247,31,153,633,4,15,46,0,1,0,1,0,7,0,5,2,0,0,2,0,0,0,0,0,0,0,2,2,2,0,0,2,0,0,0,0,1,0,0,0,0,0,0,0,2,31,0,18,0,47,8,1125,0,0,0,0,0,0,0,0,0,0,0,0,0,0,0,0,0,0,0,0,0,0,0,0,0,0,0,0,0,0,0,0,0,0,0,0,0,0,0,0,10,0,11,25,1,3,0,0,0,0,0,0,0,19,0,0,0,0,0,0,0,0,0,0,0,0,0,0,0,0,3,0,0,3,0,0,0,0,0,0,0,0,0,0,2,7,0,1,1,0,1,0,2,405,43,162,126,1,6,3,66,86,0,0,0,39,402,0,12,15,0,9,13,0,0,0,0,0,0,7,9,9,140,14,0,184,4,0,0,0,1,2,2,5,2,0,1270
"ava",265,14215,15011,84,0,0,0,0,0,0,0,0,0,0,0,0,0,0,0,0,0,0,0,0,0,0,0,0,0,0,0,0,0,0,0,0,0,0,0,0,0,0,0,0,0,0,0,0,0,0,0,0,0,0,0,0,52,0,153,32,48,3,2,196,0,29,0,1,20,0,0,20,0,0,0,0,0,0,0,14,14,11,0,0,11,0,0,4,0,0,0,0,0,0,0,4,10,141,142,21,299,1268,23,16,26,0,0,0,0,0,3,0,0,0,0,0,0,0,0,0,0,0,0,0,0,0,2,0,0,2,0,0,0,0,0,0,0,0,0,0,0,0,3,21,3,23,0,8,2,5,0,0,0,0,0,0,0,0,0,0,0,0,0,0,0,0,0,0,0,0,0,0,0,0,0,0,0,0,0,0,0,0,0,0,0,0,0,0,0,0,4,0,1,24,0,0,0,0,0,0,0,0,0,0,0,0,0,0,0,0,0,0,0,0,0,0,0,0,0,0,1,0,0,1,0,0,0,0,0,0,0,0,0,0,1,8,0,0,0,0,1,0,1,152,6,106,101,0,0,0,17,50,0,0,0,9,238,0,0,4,0,1,4,0,0,0,0,0,0,1,1,1,37,6,0,46,3,0,1,0,2,0,0,1,1,0,637
"aws-sdk-js",432,422281,422289,1,47,0,0,0,0,0,0,0,0,0,0,0,0,0,0,0,0,0,0,0,0,0,0,0,0,0,0,0,0,0,0,0,0,0,0,0,0,0,0,0,0,0,0,0,0,0,0,0,0,0,0,0,753,0,3212,441,725,121,267,1728,0,454,0,174,46,0,0,46,2,2,0,0,0,0,0,19,19,305,92,0,262,92,0,1,0,0,0,0,0,0,0,34,97,10,46,12,23,81,0,2,8,0,0,0,0,0,1,0,0,0,0,0,0,0,0,0,0,0,0,0,0,0,0,0,0,0,0,0,0,0,0,0,0,0,0,0,0,0,0,12,0,0,0,0,0,0,0,0,0,0,0,0,0,0,0,0,0,0,0,0,0,0,0,0,0,0,0,0,0,0,0,0,0,0,0,0,0,0,0,0,0,0,0,0,0,0,62,0,58,195,0,10,0,0,0,0,0,0,0,8,0,0,0,0,0,0,0,0,0,0,0,0,0,0,0,0,23,0,0,23,0,0,0,0,0,0,0,0,0,0,0,0,0,0,0,0,0,0,0,571,31,740,682,0,103,0,243,276,0,13,0,95,1294,0,79,46,0,5,44,0,0,0,0,0,0,3,32,32,565,67,0,802,24,0,4,0,4,0,0,0,0,0,5281
"axios",80,5519,5551,27,25,0,0,0,0,0,0,0,0,0,0,0,0,0,0,0,0,0,0,0,0,0,0,0,0,0,0,0,0,0,0,0,0,0,0,0,0,0,0,0,0,0,0,0,0,0,0,0,0,0,0,0,30,0,90,20,30,5,4,83,0,16,0,2,8,0,0,8,0,0,0,0,0,0,2,6,6,8,0,0,8,0,0,0,0,2,0,0,0,0,0,0,0,14,10,19,129,531,15,16,35,0,2,0,1,0,3,0,2,0,0,0,0,0,0,0,0,0,0,0,0,0,0,0,0,0,0,0,0,0,0,0,0,0,0,0,0,0,0,19,2,112,0,2,0,0,0,0,0,0,0,0,0,0,0,0,0,0,0,0,0,0,0,0,0,0,0,0,0,0,0,0,0,0,0,0,0,0,0,0,0,0,0,0,0,0,3,0,0,12,0,0,0,0,0,0,0,0,0,0,0,0,0,0,0,0,0,0,0,0,0,0,0,0,0,0,2,0,0,2,0,0,0,0,0,0,0,0,0,0,0,0,0,0,0,0,0,0,0,26,0,37,24,0,3,0,11,21,0,2,0,10,51,0,2,2,0,0,2,0,0,0,0,0,0,0,0,0,28,0,0,36,0,0,0,0,2,0,0,1,1,0,546
"bitcoinjs-lib",57,5623,5623,1,0,0,0,0,0,0,0,0,0,0,0,0,0,0,0,0,0,0,0,0,0,0,0,0,0,0,0,0,0,0,0,0,0,0,0,0,0,0,0,0,0,0,0,0,0,0,0,0,0,0,0,0,2,0,4,2,2,2,0,0,0,0,0,0,0,0,0,0,0,0,0,0,0,0,0,0,0,0,0,0,0,0,0,0,0,0,0,0,0,0,0,0,0,0,0,0,0,0,0,0,0,0,0,0,0,0,0,0,0,0,0,0,0,0,0,0,0,0,0,0,0,0,0,0,0,0,0,0,0,0,0,0,0,0,0,0,0,0,0,0,0,0,0,0,0,0,0,0,0,0,0,0,0,0,0,0,0,0,0,0,0,0,0,0,0,0,0,0,0,0,0,0,0,0,0,0,0,0,0,0,0,0,0,0,0,0,0,0,0,0,0,0,0,0,0,0,0,0,0,0,0,0,0,0,0,0,0,0,0,0,0,0,0,0,0,0,0,0,0,0,0,0,0,0,0,0,0,0,0,0,0,0,0,0,0,0,0,0,0,0,0,32,31,0,0,0,27,11,0,0,0,0,103,0,0,4,0,0,4,0,0,0,0,0,0,0,4,4,51,0,0,60,0,0,0,0,0,0,0,0,0,0,301
"bluebird",213,34252,34273,114,10,1,0,0,0,0,0,0,0,0,0,0,0,0,0,0,0,0,0,0,0,0,0,0,0,0,0,0,0,0,0,0,0,0,0,0,0,0,0,0,0,0,0,0,0,0,0,0,0,0,0,0,283,0,1379,133,276,45,68,587,0,177,0,3,21,0,0,21,0,0,0,0,0,0,1,20,20,94,20,0,92,20,0,0,0,13,0,0,0,0,0,19,59,1860,534,224,1503,3358,819,7,12,4,0,0,4,0,0,0,0,0,0,0,0,0,0,0,0,0,0,0,0,0,0,0,0,0,0,0,0,0,0,0,0,0,0,0,0,0,51,224,0,373,9,65,0,8,0,0,0,0,0,0,0,0,0,0,0,0,0,0,0,0,0,0,0,0,0,0,0,0,0,0,0,0,0,0,0,0,0,0,0,0,0,0,0,0,4,0,1,11,0,0,0,0,0,0,0,0,0,0,0,0,0,0,0,0,0,0,0,0,0,0,0,0,0,0,0,0,0,0,0,0,0,0,0,0,0,0,0,0,2,0,0,0,0,0,0,0,0,133,4,593,453,13,61,2,209,386,13,29,0,161,1195,0,18,51,0,5,30,0,0,0,0,0,0,3,17,14,612,55,1,328,19,0,4,1,6,6,3,10,6,0,5641
"cheerio",21,5428,5428,0,0,0,0,0,0,0,0,0,0,0,0,0,0,0,0,0,0,0,0,0,0,0,0,0,0,0,0,0,0,0,0,0,0,0,0,0,0,0,0,0,0,0,0,0,0,0,0,0,0,0,0,0,1,0,1,1,1,1,0,0,0,0,0,0,0,0,0,0,0,0,0,0,0,0,0,0,0,0,0,0,0,0,0,0,0,0,0,0,0,0,0,0,0,0,0,0,0,0,0,0,0,0,0,0,0,0,0,0,0,0,0,0,0,0,0,0,0,0,0,0,0,0,0,0,0,0,0,0,0,0,0,0,0,0,0,0,0,0,0,0,0,0,0,0,0,0,0,0,0,0,0,0,0,0,0,0,0,0,0,0,0,0,0,0,0,0,0,0,0,0,0,0,0,0,0,0,0,0,0,0,0,0,0,0,0,0,1,0,0,3,0,0,0,0,0,0,0,0,0,0,0,0,0,0,0,0,0,0,0,0,0,0,0,0,0,0,0,0,0,0,0,0,0,0,0,0,0,0,0,0,0,0,0,0,0,0,0,0,0,4,0,3,3,0,1,0,2,2,0,0,0,2,2,0,0,0,0,0,0,0,0,0,0,0,0,0,0,0,0,0,0,0,0,0,0,0,0,0,0,0,0,0,12
"closure-compiler",528,72721,72728,0,6,0,0,0,0,0,0,0,0,0,0,0,0,0,0,0,0,0,0,0,0,0,0,0,0,0,0,0,0,0,0,0,0,0,0,0,0,0,0,0,0,0,0,0,0,0,0,0,0,0,0,0,102,2,421,40,81,7,35,176,0,55,0,0,10,0,0,10,10,6,0,0,0,0,0,0,0,21,15,0,21,15,0,0,0,0,0,0,0,0,0,29,53,127,53,31,107,195,66,14,10,0,0,0,2,0,5,0,0,1,1,0,1,1,1,0,0,0,0,0,0,0,2,1,0,2,1,1,0,0,0,0,0,0,0,0,0,0,2,31,2,16,9,12,13,18,2,6,1,1,0,0,0,0,0,0,0,0,0,0,0,0,0,0,0,0,0,0,0,0,0,0,0,0,0,0,0,0,0,0,0,0,0,0,1,1,0,0,0,0,0,0,0,0,0,0,0,0,0,0,0,0,0,0,0,0,0,0,0,0,0,0,0,0,0,0,0,0,0,0,0,0,0,0,0,0,0,0,0,0,0,0,0,0,0,0,0,0,0,0,0,248,102,169,17,0,22,80,52,0,0,22,45,0,10,11,0,7,10,0,0,0,0,0,0,7,4,4,44,0,0,72,0,0,0,0,0,0,0,4,2,0,286
"co",12,730,730,0,0,0,0,0,0,0,0,0,0,0,0,0,0,0,0,0,0,0,0,0,0,0,0,0,0,0,0,0,0,0,0,0,0,0,0,0,0,0,0,0,0,0,0,0,0,0,0,0,0,0,0,0,45,0,93,42,45,0,0,93,0,42,0,8,0,0,0,0,0,0,0,0,0,0,0,0,0,6,0,0,6,0,0,0,0,0,0,0,0,0,0,0,0,7,5,5,11,19,5,5,10,0,0,0,0,0,5,0,0,0,0,0,0,0,0,0,0,0,0,0,0,0,0,0,0,0,0,0,0,0,0,0,0,0,0,0,0,0,1,5,0,1,0,2,0,0,0,0,0,0,0,0,0,0,0,0,0,0,0,0,0,0,0,0,0,0,0,0,0,0,0,0,0,0,0,0,0,0,0,0,0,0,0,0,0,0,0,0,0,0,0,0,0,0,0,0,0,0,0,0,0,0,0,0,0,0,0,0,0,0,0,0,0,0,0,0,0,0,0,0,0,0,0,0,0,0,0,0,0,0,0,0,0,0,0,0,0,0,0,0,0,14,9,0,0,0,6,8,0,0,0,5,16,0,0,1,0,0,1,0,0,0,0,0,0,0,1,1,12,0,0,12,0,0,1,0,0,0,0,0,0,0,78
"docco",1,246,246,0,0,0,0,0,0,0,0,0,0,0,0,0,0,0,0,0,0,0,0,0,0,0,0,0,0,0,0,0,0,0,0,0,0,0,0,0,0,0,0,0,0,0,0,0,0,0,0,0,0,0,0,0,0,0,0,0,0,0,0,0,0,0,0,0,0,0,0,0,0,0,0,0,0,0,0,0,0,0,0,0,0,0,0,0,0,0,0,0,0,0,0,0,0,0,2,0,0,0,0,0,0,0,0,0,0,0,0,0,0,0,0,0,0,0,0,0,0,0,0,0,0,0,0,0,0,0,0,0,0,0,0,0,0,0,0,0,0,0,0,0,0,0,0,0,0,0,0,0,0,0,0,0,0,0,0,0,0,0,0,0,0,0,0,0,0,0,0,0,0,0,0,0,0,0,0,0,0,0,0,0,0,0,0,0,0,0,0,0,0,0,0,0,0,0,0,0,0,0,0,0,0,0,0,0,0,0,0,0,0,0,0,0,0,0,0,0,0,0,0,0,0,0,0,0,0,0,0,0,0,0,0,0,0,0,0,0,0,0,0,0,0,3,3,0,0,0,3,2,0,0,0,0,10,0,0,1,0,0,1,0,0,0,0,0,0,0,1,1,6,0,0,4,0,0,0,0,0,0,0,0,0,0,26
"docsify",56,7070,7077,0,0,0,0,0,0,0,0,0,0,0,0,0,0,0,0,0,0,0,0,0,0,0,0,0,0,0,0,0,0,0,0,0,0,0,0,0,0,0,0,0,0,0,0,0,0,0,0,0,0,0,0,0,22,0,63,14,22,1,7,68,0,16,0,5,8,0,0,8,0,0,0,0,0,0,1,4,4,12,0,0,12,0,0,0,0,0,0,0,0,0,0,0,0,1,6,0,21,42,16,2,2,0,0,0,0,2,2,0,0,0,0,0,0,0,0,0,0,0,0,0,0,0,0,0,0,0,0,0,0,0,0,0,0,0,0,0,0,0,0,0,0,19,0,0,0,10,0,0,0,0,0,0,0,0,0,0,0,0,0,0,0,0,0,0,0,0,0,0,0,0,0,0,0,0,0,0,0,0,0,0,0,0,0,0,0,0,0,0,0,0,0,0,0,0,0,0,0,0,0,0,0,0,0,0,0,0,0,0,0,0,0,0,0,0,0,0,0,0,0,0,0,0,0,0,0,0,0,0,0,0,0,0,0,0,0,0,0,0,0,10,11,15,14,0,0,2,6,13,0,0,2,4,54,0,2,0,0,0,0,0,0,0,0,0,0,0,0,0,9,0,0,14,0,0,0,0,0,0,0,0,0,0,104
"drywall",63,8487,8609,38,23,0,0,0,0,0,0,0,0,0,0,0,0,0,0,0,0,0,0,0,0,0,0,0,0,0,0,0,0,0,0,0,0,0,0,0,0,0,0,0,0,0,0,0,0,0,0,0,0,0,0,0,0,0,0,0,0,0,0,0,0,0,0,0,0,0,0,0,0,0,0,0,0,0,0,0,0,0,0,0,0,0,0,0,0,0,0,0,0,0,0,0,0,0,0,0,0,0,0,0,0,0,0,0,0,0,0,0,0,0,0,0,0,0,0,0,0,0,0,0,0,0,0,0,0,0,0,0,0,0,0,0,0,0,0,0,0,0,0,0,0,0,0,0,0,0,0,0,0,0,0,0,0,0,0,0,0,0,0,0,0,0,0,0,0,0,0,0,0,0,0,0,0,0,0,0,0,0,0,0,0,0,0,0,0,0,1,0,114,2,0,0,0,0,0,0,0,0,0,0,0,0,0,0,0,0,0,0,0,0,0,0,0,0,0,0,1,0,0,1,0,0,0,0,0,0,0,0,0,0,0,0,0,0,0,0,0,0,0,544,0,228,228,0,2,0,190,23,0,0,0,2,90,0,0,0,0,0,0,0,0,0,0,0,0,0,0,0,365,0,0,426,0,0,0,0,0,0,0,0,0,0,1803
"electron",226,26625,26788,48,0,1,6,0,0,0,0,0,0,0,0,2,1,1,0,0,0,0,0,0,0,0,0,0,0,0,0,0,0,0,0,0,0,0,0,0,0,0,0,0,0,0,0,0,0,0,0,0,0,0,0,0,100,0,360,60,95,19,23,185,2,59,0,3,7,0,0,7,0,0,0,0,0,0,0,6,6,15,2,0,14,2,0,1,0,0,0,0,0,0,0,5,9,53,65,14,101,411,2,18,57,0,0,0,1,2,6,0,1,0,0,0,0,0,0,0,0,0,0,0,0,0,4,0,0,4,0,0,0,0,0,0,0,0,0,0,0,0,0,14,2,37,1,9,4,127,0,0,0,0,0,0,0,0,0,0,0,0,0,0,0,0,0,0,0,0,0,0,0,0,0,0,0,0,0,0,0,0,0,0,0,0,0,0,0,0,29,13,3,74,2,10,0,0,33,0,0,0,0,0,0,0,1,0,1,1,0,0,0,0,0,0,1,1,1,0,3,0,0,3,0,0,0,0,0,0,0,0,0,0,10,22,0,2,4,0,1,0,1,775,50,344,259,0,35,4,121,163,0,1,3,36,1025,0,3,8,0,0,7,0,0,0,0,0,0,0,7,7,188,4,0,266,3,0,0,0,0,0,0,0,0,0,2029
"eslint",994,189890,195057,715,16,0,0,0,0,0,0,0,0,0,0,0,0,0,0,0,0,0,0,0,0,0,0,0,0,0,0,0,0,0,0,0,0,0,0,0,0,0,0,0,0,0,0,0,0,0,0,0,0,0,0,0,211,0,1409,115,178,38,46,568,0,64,0,6,62,0,0,59,0,0,0,0,0,0,1,57,57,51,16,0,51,16,0,1,0,0,1,1,0,0,0,39,164,21,190,2,37,256,0,0,0,0,0,0,0,0,0,0,0,0,0,0,0,0,0,0,0,0,0,0,0,0,0,0,0,0,0,0,0,0,0,0,0,0,0,0,0,0,0,2,0,0,0,9,1,1,0,0,0,0,0,0,0,0,0,0,0,0,0,0,0,0,0,0,0,0,0,0,0,0,0,0,0,0,0,0,0,0,0,0,0,0,0,0,0,0,1,0,0,1,0,0,0,0,0,0,0,0,0,0,0,0,0,0,0,0,0,0,0,0,0,0,0,0,0,0,0,0,0,0,0,0,0,0,0,0,0,0,0,0,0,0,0,0,0,0,0,0,0,51,14,40,32,0,1,0,26,27,0,0,0,17,103,0,2,1,0,0,1,0,0,0,0,0,0,0,1,1,42,5,0,58,2,0,0,0,0,0,0,0,0,0,219
"express",147,10774,11081,12,0,0,0,0,0,0,0,0,0,0,0,0,0,0,0,0,0,0,0,0,0,0,0,0,0,0,0,0,0,0,0,0,0,0,0,0,0,0,0,0,0,0,0,0,0,0,0,0,0,0,0,0,17,0,37,15,17,0,4,37,0,14,0,4,1,0,0,1,0,0,0,0,0,0,0,1,1,3,0,0,3,0,2,0,0,1,0,0,0,0,0,0,0,0,30,0,0,0,0,0,0,0,0,0,0,0,0,0,0,0,0,0,0,0,0,0,0,0,0,0,0,0,0,0,0,0,0,0,0,0,0,0,0,0,0,0,0,0,0,0,0,0,0,0,0,0,0,0,0,0,0,0,0,0,0,0,0,0,0,0,0,0,0,0,0,0,0,0,0,0,0,0,0,0,0,0,0,0,0,0,0,0,0,0,0,0,0,0,1,0,0,0,0,0,0,0,0,0,0,0,0,0,0,0,0,0,0,0,0,0,0,0,0,0,0,0,0,0,0,0,0,0,0,0,0,0,0,0,0,0,0,0,0,0,0,0,0,0,0,23,0,146,144,0,16,0,89,51,0,2,0,0,351,0,2,4,0,2,4,0,0,0,0,0,0,2,2,2,113,0,0,172,0,0,0,0,0,4,1,0,0,0,875
"expressjs.com",134,6725,6737,0,0,0,0,0,0,0,0,0,0,0,0,0,0,0,0,0,0,0,0,0,0,0,0,0,0,0,0,0,0,0,0,0,0,0,0,0,0,0,0,0,0,0,0,0,0,0,0,0,0,0,0,0,12,0,100,4,12,0,0,23,0,12,0,0,0,0,0,0,0,0,0,0,0,0,0,0,0,0,0,0,0,0,0,0,0,0,0,0,0,0,0,0,0,0,0,0,0,0,0,0,0,0,0,0,0,0,0,0,0,0,0,0,0,0,0,0,0,0,0,0,0,0,0,0,0,0,0,0,0,0,0,0,0,0,0,0,0,0,0,0,0,0,0,0,0,0,0,0,0,0,0,0,0,0,0,0,0,0,0,0,0,0,0,0,0,0,0,0,0,0,0,0,0,0,0,0,0,0,0,0,0,0,0,0,0,0,0,0,0,0,0,0,0,0,0,0,0,0,0,0,0,0,0,0,0,0,0,0,0,0,0,0,0,0,0,0,0,0,0,0,0,0,0,0,0,0,0,0,0,0,0,0,0,0,0,0,0,0,0,16,1,78,77,0,8,0,30,29,0,3,0,5,179,0,2,2,0,0,2,0,0,0,0,0,0,0,2,2,54,1,0,76,1,0,0,0,2,0,0,1,1,0,514
"flowchart.js",19,2932,2932,0,4,0,0,0,0,0,0,0,0,0,0,0,0,0,0,0,0,0,0,0,0,0,0,0,0,0,0,0,0,0,0,0,0,0,0,0,0,0,0,0,0,0,0,0,0,0,0,0,0,0,0,0,0,0,0,0,0,0,0,0,0,0,0,0,0,0,0,0,0,0,0,0,0,0,0,0,0,0,0,0,0,0,0,0,0,0,0,0,0,0,0,0,0,0,0,0,2,0,0,0,0,0,0,0,0,0,0,0,0,0,0,0,0,0,0,0,0,0,0,0,0,0,0,0,0,0,0,0,0,0,0,0,0,0,0,0,0,0,0,0,0,1,0,0,0,0,0,0,0,0,0,0,0,0,0,0,0,0,0,0,0,0,0,0,0,0,0,0,0,0,0,0,0,0,0,0,0,0,0,0,0,0,0,0,0,0,0,0,0,0,0,0,0,0,0,0,0,0,0,0,0,0,0,0,0,0,0,0,0,0,0,0,0,0,0,0,0,0,0,0,0,0,0,0,0,0,0,0,0,0,0,0,0,0,0,0,0,0,0,0,0,1,1,0,0,0,0,1,0,0,0,0,5,0,0,0,0,0,0,0,0,0,0,0,0,0,0,0,1,0,0,2,0,0,0,0,0,0,0,0,0,0,5
"forever",21,1592,1592,0,0,0,0,0,0,0,0,0,0,0,0,0,0,0,0,0,0,0,0,0,0,0,0,0,0,0,0,0,0,0,0,0,0,0,0,0,0,0,0,0,0,0,0,0,0,0,0,0,0,0,0,0,5,0,10,5,5,4,0,7,0,0,0,0,0,0,0,0,0,0,0,0,0,0,0,0,0,3,0,0,1,0,0,0,0,0,0,0,0,0,0,0,0,0,7,0,0,0,0,0,0,0,0,0,0,0,0,0,0,0,0,0,0,0,0,0,0,0,0,0,0,0,0,0,0,0,0,0,0,0,0,0,0,0,0,0,0,0,0,0,0,0,0,0,0,0,0,0,0,0,0,0,0,0,0,0,0,0,0,0,0,0,0,0,0,0,0,0,0,0,0,0,0,0,0,0,0,0,0,0,0,0,0,0,0,0,9,0,4,32,0,4,0,0,0,0,0,0,0,0,0,0,0,0,0,0,0,0,0,0,0,0,0,0,0,0,1,0,0,1,0,0,0,0,0,0,0,0,0,0,0,0,0,0,0,0,0,0,0,45,1,49,49,0,9,0,13,13,0,1,0,4,63,0,0,0,0,0,0,0,0,0,0,0,0,0,0,0,25,0,0,30,0,0,0,0,0,0,0,0,0,0,312
"grunt",42,3582,3985,22,1,0,0,0,0,0,0,0,0,0,0,0,0,0,0,0,0,0,0,0,0,0,0,0,0,0,0,0,0,0,0,0,0,0,0,0,0,0,0,0,0,0,0,0,0,0,0,0,0,0,0,0,21,0,111,6,21,0,4,59,0,10,0,0,11,0,0,11,0,0,0,0,0,0,2,4,4,4,4,0,4,4,0,0,0,0,0,0,0,0,0,0,0,0,25,0,0,0,0,0,0,0,0,0,0,0,0,0,0,0,0,0,0,0,0,0,0,0,0,0,0,0,0,0,0,0,0,0,0,0,0,0,0,0,0,0,0,0,0,0,0,0,0,0,0,0,0,0,0,0,0,0,0,0,0,0,0,0,0,0,0,0,0,0,0,0,0,0,0,0,0,0,0,0,0,0,0,0,0,0,0,0,0,0,0,0,0,0,0,0,0,0,0,0,0,0,0,0,0,0,0,0,0,0,0,0,0,0,0,0,0,0,0,0,0,0,0,0,0,0,0,0,0,0,0,0,0,0,0,0,1,0,0,0,0,0,0,0,0,5,1,13,13,0,4,0,3,5,0,0,0,3,14,0,0,0,0,0,0,0,0,0,0,0,0,0,0,0,1,0,0,2,0,0,0,0,0,0,0,0,0,0,73
"gulp",4,362,484,4,0,0,0,0,0,0,0,0,0,0,0,0,0,0,0,0,0,0,0,0,0,0,0,0,0,0,0,0,0,0,0,0,0,0,0,0,0,0,0,0,0,0,0,0,0,0,0,0,0,0,0,0,4,0,16,0,4,0,0,12,0,0,0,0,0,0,0,0,0,0,0,0,0,0,0,0,0,0,0,0,0,0,0,0,0,0,0,0,0,0,0,0,0,0,2,0,0,0,0,0,0,0,0,0,0,0,0,0,0,0,0,0,0,0,0,0,0,0,0,0,0,0,0,0,0,0,0,0,0,0,0,0,0,0,0,0,0,0,0,0,0,0,0,0,0,0,0,0,0,0,0,0,0,0,0,0,0,0,0,0,0,0,0,0,0,0,0,0,0,0,0,0,0,0,0,0,0,0,0,0,0,0,0,0,0,0,0,0,0,0,0,0,0,0,0,0,0,0,0,0,0,0,0,0,0,0,0,0,0,0,0,0,0,0,0,0,0,0,0,0,0,0,0,0,0,0,0,0,0,0,0,0,0,0,0,0,0,0,0,38,0,3,3,0,0,0,0,0,0,0,0,0,0,0,0,0,0,0,0,0,0,0,0,0,0,0,0,0,0,0,0,0,0,0,0,0,0,0,0,0,0,0,14
"handlebars.js",93,11272,11273,0,1,0,0,0,0,0,0,0,0,0,0,0,0,0,0,0,0,0,0,0,0,0,0,0,0,0,0,0,0,0,0,0,0,0,0,0,0,0,0,0,0,0,0,0,0,0,0,0,0,0,0,0,26,0,65,16,24,1,0,75,0,15,0,3,8,0,0,7,0,0,0,0,0,0,0,6,6,8,0,0,8,0,0,0,0,0,0,0,0,0,0,2,8,0,6,0,0,0,0,0,0,0,0,0,0,0,0,0,0,0,0,0,0,0,0,0,0,0,0,0,0,0,0,0,0,0,0,0,0,0,0,0,0,0,0,0,0,0,0,0,0,0,0,0,0,0,0,0,0,0,0,0,0,0,0,0,0,0,0,0,0,0,0,0,0,0,0,0,0,0,0,0,0,0,0,0,0,0,0,0,0,0,0,0,0,0,0,0,5,0,0,0,0,0,0,0,0,0,0,0,0,0,0,0,0,0,0,0,0,0,0,0,0,0,0,0,0,0,0,0,0,0,0,0,0,0,0,0,0,0,0,0,0,0,0,0,0,0,0,15,1,47,43,0,4,0,24,13,0,0,0,4,42,0,3,16,0,11,14,0,0,0,0,0,0,10,14,13,18,0,0,20,0,0,0,0,0,0,0,0,0,0,355
"hapi",36,24473,24548,36,0,0,0,0,0,0,0,0,0,0,0,0,0,0,0,0,0,0,0,0,0,0,0,0,0,0,0,0,0,0,0,0,0,0,0,0,0,0,0,0,0,0,0,0,0,0,0,0,0,0,0,0,15,0,59,9,15,1,2,43,0,8,0,3,3,0,0,3,0,0,0,0,0,0,0,0,0,6,2,0,6,2,0,0,0,0,0,0,0,0,0,0,0,44,34,52,0,0,0,0,0,0,0,0,0,0,0,0,0,0,0,0,0,0,0,0,0,0,0,0,0,0,0,0,0,0,0,0,0,0,0,0,0,0,0,0,0,0,25,52,0,0,0,7,0,1355,0,0,0,0,0,0,0,0,0,0,0,0,0,0,0,0,0,0,0,0,0,0,0,0,0,0,0,0,0,0,0,0,0,0,0,0,0,0,0,0,6,0,4,18,1,0,0,0,0,0,0,0,0,0,0,0,0,0,0,0,0,0,0,0,0,0,0,0,0,0,0,0,0,0,0,0,0,0,0,0,0,0,0,0,0,0,0,0,0,0,0,0,0,111,24,35,13,0,9,0,1,5,0,0,0,1,12,0,0,3,0,1,3,0,0,0,0,0,0,1,2,2,35,1,0,52,1,0,0,0,6,0,0,0,0,0,185
"hexo",264,19720,19720,170,0,0,0,0,0,0,0,0,0,0,0,0,0,0,0,0,0,0,0,0,0,0,0,0,0,0,0,0,0,0,0,0,0,0,0,0,0,0,0,0,0,0,0,0,0,0,0,0,0,0,0,0,78,0,182,68,78,0,1,158,0,75,0,0,0,0,0,0,0,0,0,0,0,0,0,0,0,4,0,0,4,0,0,0,0,0,0,0,0,0,0,0,0,203,42,10,793,3090,4,34,61,1,0,0,2,0,0,0,0,7,0,0,7,0,0,0,0,0,0,0,7,7,6,0,0,6,0,0,0,0,0,0,0,0,0,0,0,0,0,10,0,14,0,123,0,0,0,0,0,0,0,0,0,0,0,0,0,0,0,0,0,0,0,0,0,0,0,0,0,0,0,0,0,0,0,0,0,0,0,0,0,0,0,0,0,0,2,0,2,2,0,0,0,0,0,0,0,0,0,0,0,0,0,0,0,0,0,0,0,0,0,0,0,0,0,0,0,0,0,0,0,0,0,0,0,0,0,0,0,0,0,0,0,0,0,0,0,0,0,50,0,73,65,0,0,0,47,56,0,0,0,40,119,0,0,8,0,0,8,0,0,0,0,0,0,0,8,8,15,0,0,26,0,0,0,0,0,0,0,0,0,0,281
"homebridge",12,1405,1405,0,0,0,0,0,0,0,0,0,0,0,0,0,0,0,0,0,0,0,0,0,0,0,0,0,0,0,0,0,0,0,0,0,0,0,0,0,0,0,0,0,0,0,0,0,0,0,0,0,0,0,0,0,6,0,14,5,6,0,1,26,0,2,0,0,2,0,0,2,0,0,0,0,0,0,1,2,2,0,0,0,0,0,0,0,0,0,2,2,0,0,0,0,0,0,1,0,0,0,0,0,0,0,0,0,0,0,0,0,0,0,0,0,0,0,0,0,0,0,0,0,0,0,0,0,0,0,0,0,0,0,0,0,0,0,0,0,0,0,0,0,0,0,0,0,0,0,0,0,0,0,0,0,0,0,0,0,0,0,0,0,0,0,0,0,0,0,0,0,0,0,0,0,0,0,0,0,0,0,0,0,0,0,0,0,0,0,0,0,0,0,0,0,0,0,0,0,0,0,0,0,0,0,0,0,0,0,0,0,0,0,0,0,0,0,0,0,0,0,0,0,0,0,0,0,0,0,0,0,0,0,0,0,0,0,0,0,0,0,0,30,1,0,0,0,0,0,0,0,0,0,0,0,0,0,0,0,0,0,0,0,0,0,0,0,0,0,0,0,0,0,0,0,0,0,0,0,0,0,0,0,0,0,0
"http-server",2,248,248,1,0,0,0,0,0,0,0,0,0,0,0,0,0,0,0,0,0,0,0,0,0,0,0,0,0,0,0,0,0,0,0,0,0,0,0,0,0,0,0,0,0,0,0,0,0,0,0,0,0,0,0,0,1,0,2,0,1,0,1,1,0,1,0,0,0,0,0,0,0,0,0,0,0,0,0,0,0,0,0,0,0,0,0,0,0,0,0,0,0,0,0,0,0,0,0,0,0,0,0,0,0,0,0,0,0,0,0,0,0,0,0,0,0,0,0,0,0,0,0,0,0,0,0,0,0,0,0,0,0,0,0,0,0,0,0,0,0,0,0,0,0,0,0,0,0,0,0,0,0,0,0,0,0,0,0,0,0,0,0,0,0,0,0,0,0,0,0,0,0,0,0,0,0,0,0,0,0,0,0,0,0,0,0,0,0,0,0,0,0,0,0,0,0,0,0,0,0,0,0,0,0,0,0,0,0,0,0,0,0,0,0,0,0,0,0,0,0,0,0,0,0,0,0,0,0,0,0,0,0,0,0,0,0,0,0,0,0,0,0,2,0,11,11,0,7,0,0,0,0,0,0,0,0,0,0,0,0,0,0,0,0,0,0,0,0,0,0,0,0,0,0,0,0,0,0,0,0,0,0,0,0,0,27
"iD",362,59022,59088,0,1,0,0,0,0,0,0,0,0,0,0,0,0,0,0,0,0,0,0,0,0,0,0,0,0,0,0,0,0,0,0,0,0,0,0,0,0,0,0,0,0,0,0,0,0,0,0,0,0,0,0,0,42,0,185,16,42,13,19,98,0,21,0,0,0,0,0,0,0,0,0,0,0,0,0,0,0,0,0,0,0,0,0,0,0,0,0,0,0,0,0,0,0,5,2,0,7,34,0,5,12,0,0,0,0,2,2,0,0,0,0,0,0,0,0,0,0,0,0,0,0,0,0,0,0,0,0,0,0,0,0,0,0,0,0,0,0,0,0,0,0,2,0,2,0,0,0,0,0,0,0,0,0,0,0,0,0,0,0,0,0,0,0,0,0,0,0,0,0,0,0,0,0,0,0,0,0,0,0,0,0,0,0,0,0,0,4,0,0,8,0,4,0,0,0,0,0,0,0,0,0,0,0,0,0,0,0,0,0,0,0,0,0,0,0,0,0,0,0,0,0,0,0,0,0,0,0,0,0,0,0,0,0,0,0,0,0,0,0,958,91,113,111,0,21,3,60,28,0,0,2,13,94,0,3,0,0,0,0,0,0,0,0,0,0,0,0,0,100,2,0,118,2,0,1,0,0,0,0,0,0,0,1099
"immutable-js",108,6662,6725,0,0,0,0,0,0,0,0,0,0,0,0,0,0,0,0,0,0,0,0,0,0,0,0,0,0,0,0,0,0,0,0,0,0,0,0,0,0,0,0,0,0,0,0,0,0,0,0,0,0,0,0,0,13,0,67,4,13,3,3,31,0,8,0,4,0,0,0,0,0,0,0,0,0,0,0,0,0,5,1,0,5,1,0,0,0,0,0,0,0,0,0,0,0,6,17,2,11,155,0,1,1,0,0,0,0,1,1,0,0,0,0,0,0,0,0,0,0,0,0,0,0,0,0,0,0,0,0,0,0,0,0,0,0,0,0,0,0,0,0,2,0,1,0,3,0,0,0,0,0,0,0,0,0,0,0,0,0,0,0,0,0,0,0,0,0,0,0,0,0,0,0,0,0,0,0,0,0,0,0,0,0,0,0,0,0,0,0,0,2,0,0,0,0,0,0,0,0,0,0,0,0,0,0,0,0,0,0,0,0,0,0,0,0,0,0,0,0,0,0,0,0,0,0,0,0,0,0,0,0,0,0,0,0,0,0,0,0,0,0,11,0,8,5,0,0,1,2,3,0,0,1,2,10,0,0,1,0,1,1,0,0,0,0,0,0,1,1,1,6,0,0,8,0,0,0,0,0,0,0,0,0,0,22
"javascript-state-machine",40,8441,8441,8,22,0,0,0,0,0,0,0,0,0,0,0,0,0,0,0,0,0,0,0,0,0,0,0,0,0,0,0,0,0,0,0,0,0,0,0,0,0,0,0,0,0,0,0,0,0,0,0,0,0,0,0,0,0,0,0,0,0,0,0,0,0,0,0,0,0,0,0,0,0,0,0,0,0,0,0,0,0,0,0,0,0,0,0,0,0,0,0,0,0,0,0,0,10,5,1,5,2,0,4,0,0,0,0,0,0,0,0,0,0,0,0,0,0,0,0,0,0,0,0,0,0,0,0,0,0,0,0,0,0,0,0,0,0,0,0,0,0,1,1,0,1,0,0,0,0,0,0,0,0,0,0,0,0,0,0,0,0,0,0,0,0,0,0,0,0,0,0,0,0,0,0,0,0,0,0,0,0,0,0,0,0,0,0,0,0,0,0,0,0,0,0,0,0,0,0,0,0,0,0,0,0,0,0,0,0,0,0,0,0,0,0,0,0,0,0,0,0,0,0,0,0,0,0,0,0,0,0,0,0,0,0,0,0,0,0,0,0,0,0,0,10,0,1,8,0,0,0,0,0,0,0,0,0,0,0,0,0,0,0,0,0,0,0,0,0,0,0,22,0,0,6,0,0,0,0,0,0,0,0,0,0,328
"javascripting",50,253,256,0,0,0,0,0,0,0,0,0,0,0,0,0,0,0,0,0,0,0,0,0,0,0,0,0,0,0,0,0,0,0,0,0,0,0,0,0,0,0,0,0,0,0,0,0,0,0,0,0,0,0,0,0,0,0,0,0,0,0,0,0,0,0,0,0,0,0,0,0,0,0,0,0,0,0,0,0,0,0,0,0,0,0,0,0,0,0,0,0,0,0,0,0,0,2,3,0,2,9,0,1,0,0,0,0,0,0,0,0,0,0,0,0,0,0,0,0,0,0,0,0,0,0,0,0,0,0,0,0,0,0,0,0,0,0,0,0,0,0,0,0,0,0,0,0,0,0,0,0,0,0,0,0,0,0,0,0,0,0,0,0,0,0,0,0,0,0,0,0,0,0,0,0,0,0,0,0,0,0,0,0,0,0,0,0,0,0,0,0,0,0,0,0,0,0,0,0,0,0,0,0,0,0,0,0,0,0,0,0,0,0,0,0,0,0,0,0,0,0,0,0,0,0,0,0,0,0,0,0,0,0,0,0,0,0,0,0,0,0,0,0,0,4,4,0,0,0,2,0,0,0,0,0,0,0,0,0,0,0,0,0,0,0,0,0,0,0,0,0,7,0,0,6,0,0,0,0,0,0,0,0,0,0,29
"johnny-five",509,56671,56768,1,0,0,0,0,0,0,0,0,0,0,0,0,0,0,0,0,0,0,0,0,0,0,0,0,0,0,0,0,0,0,0,0,0,0,0,0,0,0,0,0,0,0,0,0,0,0,0,0,0,0,0,0,8,0,40,3,8,0,2,14,0,8,0,0,0,0,0,0,0,0,0,0,0,0,0,0,0,0,0,0,0,0,0,0,0,0,0,0,0,0,0,0,0,25,15,0,14,333,0,0,0,0,0,0,0,0,0,0,0,0,0,0,0,0,0,0,0,0,0,0,0,0,0,0,0,0,0,0,0,0,0,0,0,0,0,0,0,0,0,0,0,13,0,6,0,0,0,0,0,0,0,0,0,0,0,0,0,0,0,0,0,0,0,0,0,0,0,0,0,0,0,0,0,0,0,0,0,0,0,0,0,0,0,0,0,0,1,0,10,2,0,0,0,0,0,0,0,0,0,0,0,0,0,0,0,0,0,0,0,0,0,0,0,0,0,0,0,0,0,0,0,0,0,0,0,0,0,0,0,0,0,0,0,0,0,0,0,0,0,1570,70,16,16,0,5,0,2,3,0,0,0,1,9,0,0,0,0,0,0,0,0,0,0,0,0,0,0,0,33,0,0,22,0,0,0,0,0,0,0,0,0,0,244
"jsdoc",491,22475,22497,269,3,0,0,0,0,0,0,0,0,0,0,0,0,0,0,0,0,0,0,0,0,0,0,0,0,0,0,0,0,0,0,0,0,0,0,0,0,0,0,0,0,0,0,0,0,0,0,0,0,0,0,0,45,0,236,28,44,3,14,94,0,26,0,4,4,0,0,4,0,0,0,0,0,0,1,4,4,12,2,0,12,2,0,4,0,0,0,0,0,0,0,1,1,8,46,0,3,10,0,0,0,0,0,0,0,0,0,0,0,0,0,0,0,0,0,0,0,0,0,0,0,0,0,0,0,0,0,0,0,0,0,0,0,0,0,0,0,0,0,0,0,2,0,0,1,4,0,0,0,0,0,0,0,0,0,0,0,0,0,0,0,0,0,0,0,0,0,0,0,0,0,0,0,0,0,0,0,0,0,0,0,0,0,0,0,0,0,0,0,0,0,0,0,0,0,0,0,0,0,0,0,0,0,0,0,0,0,0,0,0,0,0,0,0,0,0,0,0,0,0,0,0,0,0,0,0,0,0,0,0,0,0,0,0,0,0,0,0,0,29,5,46,36,0,0,0,22,35,0,0,0,4,297,0,2,1,0,0,1,0,0,0,0,0,0,0,1,1,22,2,0,36,1,0,1,0,0,2,2,4,3,0,403
"jsdom",344,83300,83696,301,0,1,20,0,0,0,0,0,0,0,0,3,1,1,0,0,0,0,1,1,0,0,0,0,0,1,0,0,0,0,0,0,0,0,0,0,0,0,0,0,0,0,0,0,0,0,0,0,0,0,0,0,706,0,2212,558,699,188,100,1278,0,469,0,13,9,0,0,9,0,0,0,0,0,0,0,7,7,58,16,0,55,16,0,4,0,0,0,0,0,0,0,37,134,21,86,9,86,350,4,2,6,0,0,0,0,0,0,0,0,0,0,0,0,0,0,0,0,0,0,0,0,0,2,0,0,1,0,0,0,0,0,0,0,0,0,0,0,0,0,9,0,4,0,5,0,0,0,0,0,0,0,0,0,0,0,0,0,0,0,0,0,0,0,0,0,0,0,0,0,0,0,0,0,0,0,0,0,0,0,0,0,0,0,0,0,0,25,0,15,82,1,2,0,0,0,0,0,0,0,0,0,0,0,0,0,0,0,0,0,0,0,0,0,0,0,0,3,0,0,3,0,0,0,0,0,0,0,0,0,0,0,0,0,0,0,0,0,0,0,108,17,228,187,0,20,0,35,67,0,0,0,18,278,0,17,2,0,0,2,0,0,0,0,0,0,0,2,2,94,5,0,110,4,0,2,0,2,0,0,4,3,0,2016
"json-server",34,0,34,0,0,0,0,0,0,0,0,0,0,0,0,0,0,0,0,0,0,0,0,0,0,0,0,0,0,0,0,0,0,0,0,0,0,0,0,0,0,0,0,0,0,0,0,0,0,0,0,0,0,0,0,0,0,0,0,0,0,0,0,0,0,0,0,0,0,0,0,0,0,0,0,0,0,0,0,0,0,0,0,0,0,0,0,0,0,0,0,0,0,0,0,0,0,0,0,0,0,0,0,0,0,0,0,0,0,0,0,0,0,0,0,0,0,0,0,0,0,0,0,0,0,0,0,0,0,0,0,0,0,0,0,0,0,0,0,0,0,0,0,0,0,0,0,0,0,0,0,0,0,0,0,0,0,0,0,0,0,0,0,0,0,0,0,0,0,0,0,0,0,0,0,0,0,0,0,0,0,0,0,0,0,0,0,0,0,0,0,0,0,0,0,0,0,0,0,0,0,0,0,0,0,0,0,0,0,0,0,0,0,0,0,0,0,0,0,0,0,0,0,0,0,0,0,0,0,0,0,0,0,0,0,0,0,0,0,0,0,0,0,0,0,0,0,0,0,0,0,0,0,0,0,0,0,0,0,0,0,0,0,0,0,0,0,0,0,0,0,0,0,0,0,0,0,0,0,0,0,0,0,0,0,0,0
"keystone",750,0,750,0,0,0,0,0,0,0,0,0,0,0,0,0,0,0,0,0,0,0,0,0,0,0,0,0,0,0,0,0,0,0,0,0,0,0,0,0,0,0,0,0,0,0,0,0,0,0,0,0,0,0,0,0,0,0,0,0,0,0,0,0,0,0,0,0,0,0,0,0,0,0,0,0,0,0,0,0,0,0,0,0,0,0,0,0,0,0,0,0,0,0,0,0,0,0,0,0,0,0,0,0,0,0,0,0,0,0,0,0,0,0,0,0,0,0,0,0,0,0,0,0,0,0,0,0,0,0,0,0,0,0,0,0,0,0,0,0,0,0,0,0,0,0,0,0,0,0,0,0,0,0,0,0,0,0,0,0,0,0,0,0,0,0,0,0,0,0,0,0,0,0,0,0,0,0,0,0,0,0,0,0,0,0,0,0,0,0,0,0,0,0,0,0,0,0,0,0,0,0,0,0,0,0,0,0,0,0,0,0,0,0,0,0,0,0,0,0,0,0,0,0,0,0,0,0,0,0,0,0,0,0,0,0,0,0,0,0,0,0,0,0,0,0,0,0,0,0,0,0,0,0,0,0,0,0,0,0,0,0,0,0,0,0,0,0,0,0,0,0,0,0,0,0,0,0,0,0,0,0,0,0,0,0,0
"koa",71,3979,4097,71,0,0,0,0,0,0,0,0,0,0,0,0,0,0,0,0,0,0,0,0,0,0,0,0,0,0,0,0,0,0,0,0,0,0,0,0,0,0,0,0,0,0,0,0,0,0,0,0,0,0,0,0,37,0,117,16,37,0,2,138,0,7,0,0,0,0,0,0,0,0,0,0,0,0,0,0,0,1,1,0,1,1,0,0,0,0,0,0,0,0,0,0,0,3,1,1,9,16,0,2,1,0,0,0,1,0,1,0,0,0,0,0,0,0,0,0,0,0,0,0,0,0,0,0,0,0,0,0,0,0,0,0,0,0,0,0,0,0,0,1,0,1,0,0,0,33,0,0,0,0,0,0,0,0,0,0,0,0,0,0,0,0,0,0,0,0,0,0,0,0,0,0,0,0,0,0,0,0,0,0,0,0,0,0,0,0,5,1,3,14,0,0,0,0,2,0,0,0,0,0,0,1,1,0,0,1,0,0,0,0,0,0,0,1,1,0,0,0,0,0,0,0,0,0,0,0,0,0,0,0,0,0,0,0,0,0,0,0,0,21,0,11,11,0,0,0,10,11,0,0,0,3,78,0,1,2,0,0,2,0,0,0,0,0,0,0,1,1,9,0,0,10,0,0,0,0,0,0,0,0,0,0,86
"kue",30,3771,3771,0,0,0,0,0,0,0,0,0,0,0,0,0,0,0,0,0,0,0,0,0,0,0,0,0,0,0,0,0,0,0,0,0,0,0,0,0,0,0,0,0,0,0,0,0,0,0,0,0,0,0,0,0,7,0,41,2,7,0,3,24,0,6,0,2,0,0,0,0,0,0,0,0,0,0,0,0,0,1,0,0,1,0,0,0,0,0,0,0,0,0,0,0,0,0,0,0,0,0,0,0,0,0,0,0,0,0,0,0,0,0,0,0,0,0,0,0,0,0,0,0,0,0,0,0,0,0,0,0,0,0,0,0,0,0,0,0,0,0,0,0,0,0,0,0,0,0,0,0,0,0,0,0,0,0,0,0,0,0,0,0,0,0,0,0,0,0,0,0,0,0,0,0,0,0,0,0,0,0,0,0,0,0,0,0,0,0,3,0,8,2,1,0,0,0,0,0,0,0,0,0,0,0,0,0,0,0,0,0,0,0,0,0,0,0,0,0,0,0,0,0,0,0,0,0,0,0,0,0,0,0,0,0,0,0,0,0,0,0,0,39,10,75,74,1,8,1,32,26,1,2,0,4,144,0,2,2,0,0,2,0,0,0,0,0,0,0,2,2,76,2,0,104,2,0,0,0,0,0,0,0,0,0,590
"locutus",717,0,717,0,0,0,0,0,0,0,0,0,0,0,0,0,0,0,0,0,0,0,0,0,0,0,0,0,0,0,0,0,0,0,0,0,0,0,0,0,0,0,0,0,0,0,0,0,0,0,0,0,0,0,0,0,0,0,0,0,0,0,0,0,0,0,0,0,0,0,0,0,0,0,0,0,0,0,0,0,0,0,0,0,0,0,0,0,0,0,0,0,0,0,0,0,0,0,0,0,0,0,0,0,0,0,0,0,0,0,0,0,0,0,0,0,0,0,0,0,0,0,0,0,0,0,0,0,0,0,0,0,0,0,0,0,0,0,0,0,0,0,0,0,0,0,0,0,0,0,0,0,0,0,0,0,0,0,0,0,0,0,0,0,0,0,0,0,0,0,0,0,0,0,0,0,0,0,0,0,0,0,0,0,0,0,0,0,0,0,0,0,0,0,0,0,0,0,0,0,0,0,0,0,0,0,0,0,0,0,0,0,0,0,0,0,0,0,0,0,0,0,0,0,0,0,0,0,0,0,0,0,0,0,0,0,0,0,0,0,0,0,0,0,0,0,0,0,0,0,0,0,0,0,0,0,0,0,0,0,0,0,0,0,0,0,0,0,0,0,0,0,0,0,0,0,0,0,0,0,0,0,0,0,0,0,0
"lodash",399,5333,5333,0,0,0,0,0,0,0,0,0,0,0,0,0,0,0,0,0,0,0,0,0,0,0,0,0,0,0,0,0,0,0,0,0,0,0,0,0,0,0,0,0,0,0,0,0,0,0,0,0,0,0,0,0,3,0,5,1,3,2,0,1,0,1,0,0,0,0,0,0,0,0,0,0,0,0,0,0,0,1,0,0,1,0,0,0,0,0,0,0,0,0,0,0,0,1,1,0,0,0,0,0,0,0,0,0,0,0,0,0,0,0,0,0,0,0,0,0,0,0,0,0,0,0,0,0,0,0,0,0,0,0,0,0,0,0,0,0,0,0,0,0,0,0,0,0,0,0,0,0,0,0,0,0,0,0,0,0,0,0,0,0,0,0,0,0,0,0,0,0,0,0,0,0,0,0,0,0,0,0,0,0,0,0,0,0,0,0,0,0,0,0,0,0,0,0,0,0,0,0,0,0,0,0,0,0,0,0,0,0,0,0,0,0,0,0,0,0,0,0,0,0,0,0,0,0,0,0,0,0,0,0,0,0,0,0,0,0,0,0,0,0,0,0,0,0,0,0,0,0,0,0,0,0,0,0,0,0,0,0,0,0,0,0,0,0,0,0,0,0,0,0,0,0,0,0,0,0,0,0,0,0,0,0,0
"loopback",117,25950,25955,117,0,0,0,0,0,0,0,0,0,0,0,0,0,0,0,0,0,0,0,0,0,0,0,0,0,0,0,0,0,0,0,0,0,0,0,0,0,0,0,0,0,0,0,0,0,0,0,0,0,0,0,0,26,0,148,12,26,4,0,55,0,16,0,0,1,0,0,1,0,0,0,0,0,0,0,1,1,16,0,0,16,0,0,0,0,0,0,0,0,0,0,0,0,33,15,1,241,827,57,30,42,0,0,0,0,0,11,0,0,1,0,1,1,0,0,0,0,0,0,1,0,0,0,0,0,0,0,0,0,0,0,0,0,0,0,0,0,0,0,1,0,4,0,18,0,0,0,0,0,0,0,0,0,0,0,0,0,0,0,0,0,0,0,0,0,0,0,0,0,0,0,0,0,0,0,0,0,0,0,0,0,0,0,0,0,0,0,3,1,0,0,0,0,0,5,0,0,0,0,0,0,0,0,0,0,0,0,0,0,0,0,0,0,0,0,0,0,0,0,0,0,0,0,0,0,0,0,0,0,0,0,0,0,0,0,0,0,0,0,67,2,996,992,0,142,1,666,182,0,6,0,31,1019,0,13,1,0,1,1,0,0,0,0,0,0,1,0,0,973,2,0,1280,2,0,0,0,0,0,0,4,2,0,6474
"materialize",52,19880,20127,0,47,0,0,0,0,0,0,0,0,0,0,0,0,0,0,0,0,0,0,0,0,0,0,0,0,0,0,0,0,0,0,0,0,0,0,0,0,0,0,0,0,0,0,0,0,0,0,0,0,0,0,0,13,0,29,10,13,2,11,22,0,11,0,0,0,0,0,0,0,0,0,0,0,0,0,0,0,11,11,0,11,11,0,0,0,0,0,0,0,0,0,0,0,1,0,0,0,0,0,0,0,0,0,0,0,0,0,0,0,0,0,0,0,0,0,0,0,0,0,0,0,0,0,0,0,0,0,0,0,0,0,0,0,0,0,0,0,0,0,0,0,0,0,0,0,0,0,0,0,0,0,0,0,0,0,0,0,0,0,0,0,0,0,0,0,0,0,0,0,0,0,0,0,0,0,0,0,0,0,0,0,0,0,0,0,0,0,0,0,0,0,0,0,0,0,0,0,0,0,0,0,0,0,0,0,0,0,0,0,0,0,0,0,0,0,0,0,0,0,0,0,0,0,0,0,0,0,0,0,0,0,0,0,0,0,0,0,0,0,33,4,198,196,0,30,0,78,178,0,28,0,33,1738,0,4,1,0,0,1,0,0,0,0,0,0,0,0,0,116,20,0,138,12,0,2,0,6,0,0,9,8,0,2234
"mathjs",867,99080,99085,361,360,0,0,0,0,0,0,0,0,0,0,0,0,0,0,0,0,0,0,0,0,0,0,0,0,0,0,0,0,0,0,0,0,0,0,0,0,0,0,0,0,0,0,0,0,0,0,0,0,0,0,0,234,0,944,129,228,35,30,534,0,158,0,1,173,0,0,157,0,0,0,0,0,0,18,19,19,30,0,0,18,0,0,0,0,0,0,0,0,0,0,7,13,0,13,7,14,68,0,1,1,0,0,0,0,0,1,0,0,0,0,0,0,0,0,0,0,0,0,0,0,0,0,0,0,0,0,0,0,0,0,0,0,0,0,0,0,0,0,7,0,0,0,0,0,0,0,0,0,0,0,0,0,0,0,0,0,0,0,0,0,0,0,0,0,0,0,0,0,0,0,0,0,0,0,0,0,0,0,0,0,0,0,0,0,0,3,0,0,10,0,0,0,0,0,0,0,0,0,0,0,0,0,0,0,0,0,0,0,0,0,0,0,0,0,0,0,0,0,0,0,0,0,0,0,0,0,0,0,0,1,2,0,0,0,0,0,0,0,31,1,40,34,0,4,0,21,22,0,0,0,16,41,0,2,1,0,0,1,0,0,0,0,0,0,0,1,1,30,3,0,30,3,0,0,0,5,0,0,6,1,0,447
"metalsmith",13,979,981,0,0,0,0,0,0,0,0,0,0,0,0,0,0,0,0,0,0,0,0,0,0,0,0,0,0,0,0,0,0,0,0,0,0,0,0,0,0,0,0,0,0,0,0,0,0,0,0,0,0,0,0,0,3,0,25,1,3,0,1,14,0,0,0,0,4,0,0,3,0,0,0,0,0,0,0,3,2,0,0,0,0,0,0,0,0,0,0,0,0,0,0,0,0,0,10,0,0,0,0,0,0,0,0,0,0,0,0,0,0,0,0,0,0,0,0,0,0,0,0,0,0,0,0,0,0,0,0,0,0,0,0,0,0,0,0,0,0,0,0,0,0,0,0,0,0,0,0,0,0,0,0,0,0,0,0,0,0,0,0,0,0,0,0,0,0,0,0,0,0,0,0,0,0,0,0,0,0,0,0,0,0,0,0,0,0,0,0,0,0,0,0,0,0,0,0,0,0,0,0,0,0,0,0,0,0,0,0,0,0,0,0,0,0,0,0,0,0,0,0,0,0,0,0,0,0,0,0,0,0,0,0,0,0,0,0,0,0,0,0,0,0,38,38,0,6,0,29,13,0,1,0,0,68,0,0,3,0,0,3,0,0,0,0,0,0,0,3,3,29,0,0,52,0,0,0,0,0,0,0,0,0,0,266
"meteor",1124,196284,196674,9,20,2,5,0,2,0,0,0,0,0,0,0,0,0,0,0,0,0,0,0,0,0,0,0,0,0,0,0,0,0,0,0,0,0,0,0,0,0,0,0,0,0,0,0,0,0,0,0,0,0,0,0,664,0,3584,360,557,113,123,1748,2,248,0,27,172,0,0,167,0,0,0,0,0,0,4,137,137,163,56,0,158,55,0,26,0,0,4,4,0,0,0,137,434,95,96,34,51,328,29,19,37,0,1,0,3,0,10,0,0,2,0,0,2,0,0,0,0,0,0,0,2,2,8,0,0,8,0,0,0,0,3,1,0,0,0,0,0,0,1,34,2,12,3,10,8,36,0,0,0,0,0,0,0,0,0,0,0,0,0,0,0,0,0,0,0,0,0,0,0,0,0,0,0,0,0,0,0,0,0,0,0,0,0,0,0,0,11,0,1,50,1,2,0,0,0,0,0,0,0,0,0,1,1,0,0,1,0,0,0,0,0,0,0,1,1,0,3,0,0,3,0,0,0,0,0,0,0,0,0,0,0,0,0,0,0,0,0,0,0,223,30,668,554,0,95,6,187,275,0,18,5,104,1185,0,69,50,0,15,42,0,0,0,0,0,0,13,24,24,333,27,0,320,15,0,2,0,3,9,2,129,21,0,9015
"mobx",33,168,199,0,0,0,0,0,0,0,0,0,0,0,0,0,0,0,0,0,0,0,0,0,0,0,0,0,0,0,0,0,0,0,0,0,0,0,0,0,0,0,0,0,0,0,0,0,0,0,0,0,0,0,0,0,0,0,0,0,0,0,0,0,0,0,0,0,0,0,0,0,0,0,0,0,0,0,0,0,0,0,0,0,0,0,0,0,0,0,0,0,0,0,0,0,0,7,14,3,10,21,0,2,6,0,0,0,0,0,1,0,0,0,0,0,0,0,0,0,0,0,0,0,0,0,1,0,0,1,0,0,0,0,0,0,0,0,0,0,0,0,0,3,0,0,0,2,0,0,0,0,0,0,0,0,0,0,0,0,0,0,0,0,0,0,0,0,0,0,0,0,0,0,0,0,0,0,0,0,0,0,0,0,0,0,0,0,0,0,0,0,0,0,0,0,0,0,0,0,0,0,0,0,0,0,0,0,0,0,0,0,0,0,0,0,0,0,0,0,0,0,0,0,0,0,0,0,0,0,0,0,0,0,0,0,0,0,0,0,0,0,0,0,0,6,4,0,0,1,4,3,0,0,0,1,11,0,0,0,0,0,0,0,0,0,0,0,0,0,0,0,5,0,0,6,0,0,0,0,0,0,0,0,0,0,25
"mocha",217,13870,13925,211,3,0,0,0,0,0,0,0,0,0,0,0,0,0,0,0,0,0,0,0,0,0,0,0,0,0,0,0,0,0,0,0,0,0,0,0,0,0,0,0,0,0,0,0,0,0,0,0,0,0,0,0,45,0,175,18,45,3,8,207,0,20,0,6,1,0,0,1,0,0,0,0,0,0,1,0,0,26,3,0,17,3,0,0,0,0,0,0,0,0,0,0,0,0,3,0,1,2,1,0,0,0,0,0,0,0,0,0,0,0,0,0,0,0,0,0,0,0,0,0,0,0,0,0,0,0,0,0,0,0,0,0,0,0,0,0,0,0,0,0,0,1,0,0,0,0,0,0,0,0,0,0,0,0,0,0,0,0,0,0,0,0,0,0,0,0,0,0,0,0,0,0,0,0,0,0,0,0,0,0,0,0,0,0,0,0,4,0,2,16,0,0,0,0,0,0,0,0,0,0,0,0,0,0,0,0,0,0,0,0,0,0,0,0,0,0,0,0,0,0,0,0,0,0,0,0,0,0,0,0,2,0,0,0,0,0,0,0,0,159,0,152,121,0,6,2,26,40,0,0,0,7,279,0,4,3,0,0,3,0,0,0,0,0,0,0,3,3,129,0,0,180,0,0,0,0,1,0,0,0,0,0,1140
"moment-timezone",627,30555,30555,622,8,0,0,0,0,0,0,0,0,0,0,0,0,0,0,0,0,0,0,0,0,0,0,0,0,0,0,0,0,0,0,0,0,0,0,0,0,0,0,0,0,0,0,0,0,0,0,0,0,0,0,0,6,0,54,0,6,6,0,0,0,0,0,0,0,0,0,0,0,0,0,0,0,0,0,0,0,0,0,0,0,0,0,0,0,0,0,0,0,0,0,0,0,0,6,0,0,0,0,0,0,0,0,0,0,0,0,0,0,0,0,0,0,0,0,0,0,0,0,0,0,0,0,0,0,0,0,0,0,0,0,0,0,0,0,0,0,0,0,0,0,0,0,0,0,0,0,0,0,0,0,0,0,0,0,0,0,0,0,0,0,0,0,0,0,0,0,0,0,0,0,0,0,0,0,0,0,0,0,0,0,0,0,0,0,0,0,0,0,0,0,0,0,0,0,0,0,0,0,0,0,0,0,0,0,0,0,0,0,0,0,0,0,0,0,0,0,0,0,0,0,0,0,0,0,0,0,0,0,0,0,0,0,0,0,0,0,0,0,0,0,3,3,0,0,0,3,2,0,0,0,0,10,0,0,3,0,0,3,0,0,0,0,0,0,0,3,3,0,0,0,0,0,0,0,0,0,0,0,0,0,0,17
"moment",566,161791,161938,2,302,0,0,0,0,0,0,0,0,0,0,0,0,0,0,0,0,0,0,0,0,0,0,0,0,0,0,0,0,0,0,0,0,0,0,0,0,0,0,0,0,0,0,0,0,0,0,0,0,0,0,0,40,0,219,15,19,7,12,24,0,12,0,0,0,0,0,0,0,0,0,0,0,0,0,0,0,0,0,0,0,0,0,0,0,0,0,0,0,0,0,21,47,2,5,0,21,91,6,0,0,0,0,0,0,0,0,0,0,0,0,0,0,0,0,0,0,0,0,0,0,0,0,0,0,0,0,0,0,0,0,0,0,0,0,0,0,0,0,0,0,1,0,1,0,0,0,0,0,0,0,0,0,0,0,0,0,0,0,0,0,0,0,0,0,0,0,0,0,0,0,0,0,0,0,0,0,0,0,0,0,0,0,0,0,0,0,0,0,0,0,0,0,0,0,0,0,0,0,0,0,0,0,0,0,0,0,0,0,0,0,0,0,0,0,0,0,0,0,0,0,0,0,0,0,0,0,0,0,0,0,0,0,0,0,0,0,0,0,2,0,3,3,0,0,0,0,2,0,0,0,0,4,0,1,0,0,0,0,0,0,0,0,0,0,0,0,0,1,0,0,2,0,0,0,0,0,0,0,0,0,0,16
"mongo-express",39,2773,2773,28,0,0,0,0,0,0,0,0,0,0,0,0,0,0,0,0,0,0,0,0,0,0,0,0,0,0,0,0,0,0,0,0,0,0,0,0,0,0,0,0,0,0,0,0,0,0,0,0,0,0,0,0,21,0,70,12,21,2,1,63,0,3,0,0,0,0,0,0,0,0,0,0,0,0,0,0,0,17,0,0,17,0,0,1,0,0,0,0,0,0,0,0,0,6,2,1,17,54,0,0,0,0,0,0,0,0,0,0,0,0,0,0,0,0,0,0,0,0,0,0,0,0,0,0,0,0,0,0,0,0,0,0,0,0,0,0,0,0,0,1,0,0,0,4,0,0,0,0,0,0,0,0,0,0,0,0,0,0,0,0,0,0,0,0,0,0,0,0,0,0,0,0,0,0,0,0,0,0,0,0,0,0,0,0,0,0,1,0,0,3,0,0,0,0,0,0,0,0,0,0,0,0,0,0,0,0,0,0,0,0,0,0,0,0,0,0,0,0,0,0,0,0,0,0,0,0,0,0,0,0,0,0,0,0,0,0,0,0,0,12,0,45,44,0,3,3,5,22,0,0,0,0,209,0,0,1,0,0,1,0,0,0,0,0,0,0,1,1,42,0,0,58,0,0,0,0,0,2,1,0,0,0,506
"mongoose",322,78073,78093,94,0,0,0,0,0,0,0,0,0,0,0,0,0,0,0,0,0,0,0,0,0,0,0,0,0,0,0,0,0,0,0,0,0,0,0,0,0,0,0,0,0,0,0,0,0,0,0,0,0,0,0,0,246,0,851,164,246,2,43,631,0,145,0,43,12,0,0,12,0,0,0,0,0,0,0,9,9,29,1,0,29,1,0,0,0,6,0,0,0,0,0,0,0,19,82,4,358,1639,26,108,38,12,0,0,12,0,3,0,1,1,0,0,1,0,0,0,0,0,0,0,1,1,1,0,0,1,0,0,0,0,0,0,0,0,0,0,0,0,0,4,1,47,0,3,0,0,0,0,0,0,0,0,0,0,0,0,0,0,0,0,0,0,0,0,0,0,0,0,0,0,0,0,0,0,0,0,0,0,0,0,0,0,0,0,0,0,24,1,18,52,3,2,0,0,2,0,0,0,0,0,0,0,0,0,0,0,0,0,0,0,0,0,0,0,0,0,0,0,0,0,0,0,0,0,0,0,0,0,0,0,2,2,0,0,0,0,0,0,1,284,4,2888,2875,0,54,9,390,1353,0,1,1,79,15975,0,24,392,0,2,186,0,0,0,0,0,0,2,328,141,611,4,0,652,2,0,2,0,2,2,2,3,2,0,19976
"mysql",245,13027,13028,0,0,0,0,0,0,0,0,0,0,0,0,0,0,0,0,0,0,0,0,0,0,0,0,0,0,0,0,0,0,0,0,0,0,0,0,0,0,0,0,0,0,0,0,0,0,0,0,0,0,0,0,0,13,0,36,6,7,1,1,14,0,5,0,5,1,0,0,1,0,0,0,0,0,0,0,1,1,0,0,0,0,0,0,0,0,0,0,0,0,0,0,7,24,0,4,0,0,0,0,0,0,0,0,0,0,0,0,0,0,0,0,0,0,0,0,0,0,0,0,0,0,0,0,0,0,0,0,0,0,0,0,0,0,0,0,0,0,0,0,0,0,0,0,0,0,0,0,0,0,0,0,0,0,0,0,0,0,0,0,0,0,0,0,0,0,0,0,0,0,0,0,0,0,0,0,0,0,0,0,0,0,0,0,0,0,0,34,2,4,111,3,1,0,0,2,0,0,0,0,0,0,0,3,0,0,3,0,0,0,0,0,0,0,3,3,0,0,0,0,0,0,0,0,0,0,0,0,0,0,0,6,12,0,0,3,0,0,3,0,263,0,555,554,0,1,0,50,377,0,0,0,14,3260,0,28,65,0,22,46,0,0,0,0,0,0,12,33,27,31,2,0,48,1,0,0,0,0,0,0,0,0,0,3310
"natural",215,18317,18318,11,3,0,0,0,0,0,0,0,0,0,0,0,0,0,0,0,0,0,0,0,0,0,0,0,0,0,0,0,0,0,0,0,0,0,0,0,0,0,0,0,0,0,0,0,0,0,0,0,0,0,0,0,3,0,9,1,3,0,0,4,2,2,0,0,1,0,0,1,0,0,0,0,0,0,0,1,1,0,0,0,0,0,0,0,0,0,0,0,0,0,0,0,0,0,0,0,0,0,0,0,0,0,0,0,0,0,0,0,0,0,0,0,0,0,0,0,0,0,0,0,0,0,0,0,0,0,0,0,0,0,0,0,0,0,0,0,0,0,0,0,0,0,0,0,0,0,0,0,0,0,0,0,0,0,0,0,0,0,0,0,0,0,0,0,0,0,0,0,0,0,0,0,0,0,0,0,0,0,0,0,0,0,0,0,0,0,0,0,1,0,0,0,0,0,0,0,0,0,0,0,0,0,0,0,0,0,0,0,0,0,0,0,0,0,0,0,0,0,0,0,0,0,0,0,0,0,0,0,0,0,0,0,0,0,0,0,0,0,0,18,0,44,44,1,11,4,11,13,0,1,0,0,77,0,1,2,0,0,2,0,0,0,0,0,0,0,1,1,5,0,0,10,0,0,0,0,0,0,0,0,0,0,326
"nedb",39,27886,27886,0,38,2,0,0,0,0,0,0,0,0,0,0,0,0,0,0,0,0,0,0,0,0,0,0,0,0,0,0,0,0,0,0,0,0,0,0,0,0,0,0,0,0,0,0,0,0,0,0,0,0,0,0,321,0,1869,187,321,3,85,1211,0,191,0,42,42,0,0,42,0,0,0,0,0,0,0,42,42,196,49,0,164,41,0,0,0,0,0,0,24,24,0,0,0,90,110,76,107,819,16,0,0,0,0,0,0,0,0,0,0,0,0,0,0,0,0,0,0,0,0,0,0,0,0,0,0,0,0,0,0,0,0,0,0,0,0,0,0,0,0,76,0,24,0,2,0,0,0,0,0,0,0,0,0,0,0,0,0,0,0,0,0,0,0,0,0,0,0,0,0,0,0,0,0,0,0,0,0,0,0,0,0,0,0,0,0,0,5,0,1,10,2,0,0,0,0,0,0,0,0,0,0,0,0,0,0,0,0,0,0,0,0,0,0,0,0,0,0,0,0,0,0,0,0,0,0,0,0,0,0,0,7,6,2,0,0,0,0,0,0,129,2,877,709,3,118,5,147,300,2,15,0,55,3251,0,19,30,0,21,27,0,0,0,0,0,0,18,4,4,822,2,0,804,2,0,0,0,1,0,0,2,2,0,7105
"next.js",833,0,833,0,0,0,0,0,0,0,0,0,0,0,0,0,0,0,0,0,0,0,0,0,0,0,0,0,0,0,0,0,0,0,0,0,0,0,0,0,0,0,0,0,0,0,0,0,0,0,0,0,0,0,0,0,0,0,0,0,0,0,0,0,0,0,0,0,0,0,0,0,0,0,0,0,0,0,0,0,0,0,0,0,0,0,0,0,0,0,0,0,0,0,0,0,0,0,0,0,0,0,0,0,0,0,0,0,0,0,0,0,0,0,0,0,0,0,0,0,0,0,0,0,0,0,0,0,0,0,0,0,0,0,0,0,0,0,0,0,0,0,0,0,0,0,0,0,0,0,0,0,0,0,0,0,0,0,0,0,0,0,0,0,0,0,0,0,0,0,0,0,0,0,0,0,0,0,0,0,0,0,0,0,0,0,0,0,0,0,0,0,0,0,0,0,0,0,0,0,0,0,0,0,0,0,0,0,0,0,0,0,0,0,0,0,0,0,0,0,0,0,0,0,0,0,0,0,0,0,0,0,0,0,0,0,0,0,0,0,0,0,0,0,0,0,0,0,0,0,0,0,0,0,0,0,0,0,0,0,0,0,0,0,0,0,0,0,0,0,0,0,0,0,0,0,0,0,0,0,0,0,0,0,0,0,0
"nightwatch",329,24456,24456,0,0,0,0,0,0,0,0,0,0,0,0,0,0,0,0,0,0,0,0,0,0,0,0,0,0,0,0,0,0,0,0,0,0,0,0,0,0,0,0,0,0,0,0,0,0,0,0,0,0,0,0,0,78,0,365,36,78,11,11,167,1,44,0,4,7,0,0,7,0,0,0,0,0,0,1,6,6,14,4,0,14,4,0,0,0,1,0,0,0,0,0,0,0,70,92,36,126,614,0,60,225,0,4,0,0,1,25,0,1,12,0,1,11,0,0,0,0,0,0,1,11,10,25,3,1,23,3,1,0,0,0,0,1,9,0,0,0,0,1,36,8,14,0,7,0,0,0,0,0,0,0,0,0,0,0,0,0,0,0,0,0,0,0,0,0,0,0,0,0,0,0,0,0,0,0,0,0,0,0,0,0,0,0,0,0,0,14,4,11,45,0,2,0,0,8,0,1,0,0,0,0,0,0,0,0,0,0,0,0,0,0,0,0,0,0,0,0,0,0,0,0,0,0,0,0,0,0,0,0,0,2,2,0,0,2,0,0,0,1,131,1,189,147,2,15,2,85,137,2,7,1,41,505,0,12,15,0,1,14,0,0,0,0,0,0,1,13,12,97,3,1,144,3,0,2,1,11,0,0,0,0,0,1061
"node-http-proxy",40,3102,3102,0,0,0,0,0,0,0,0,0,0,0,0,0,0,0,0,0,0,0,0,0,0,0,0,0,0,0,0,0,0,0,0,0,0,0,0,0,0,0,0,0,0,0,0,0,0,0,0,0,0,0,0,0,6,0,12,6,6,0,0,12,0,6,0,3,0,0,0,0,0,0,0,0,0,0,0,0,0,3,0,0,3,0,0,0,0,0,0,0,0,0,0,0,0,0,0,0,0,0,0,0,0,0,0,0,0,0,0,0,0,0,0,0,0,0,0,0,0,0,0,0,0,0,0,0,0,0,0,0,0,0,0,0,0,0,0,0,0,0,0,0,0,0,0,0,0,0,0,0,0,0,0,0,0,0,0,0,0,0,0,0,0,0,0,0,0,0,0,0,0,0,0,0,0,0,0,0,0,0,0,0,0,0,0,0,0,0,11,3,3,45,0,2,0,0,22,0,0,0,0,0,0,0,0,0,0,0,0,0,0,0,0,0,0,0,0,0,0,0,0,0,0,0,0,0,0,0,0,0,0,0,0,0,0,0,0,0,0,0,0,118,0,25,25,0,4,0,4,16,0,3,0,2,62,0,0,2,0,0,2,0,0,0,0,0,0,0,2,2,1,0,0,2,0,0,0,0,0,0,0,0,0,0,129
"node-inspector",410,115539,115557,0,15,0,0,0,0,0,0,0,0,0,0,0,0,0,0,0,0,0,0,0,0,0,0,0,0,0,0,0,0,0,0,0,0,0,0,0,0,0,0,0,0,0,0,0,0,0,0,0,0,0,0,0,118,0,418,71,85,26,27,134,3,47,0,1,3,0,0,3,0,0,0,0,0,0,0,3,3,20,5,0,20,5,0,3,0,1,0,0,0,0,0,33,80,82,60,16,109,155,0,17,0,0,0,0,0,0,0,0,0,0,0,0,0,0,0,0,0,0,0,0,0,0,0,0,0,0,0,0,0,0,0,0,0,0,0,0,0,0,0,16,0,32,1,12,0,0,0,0,0,0,0,0,0,0,0,0,0,0,0,0,0,0,0,0,0,0,0,0,0,0,0,0,0,0,0,0,0,0,0,0,0,0,0,0,0,0,1,1,2,1,0,0,0,0,0,1,0,0,0,0,0,0,0,0,0,0,0,0,0,0,0,0,0,0,0,0,0,0,0,0,0,0,0,0,0,0,0,0,0,0,0,0,0,0,0,0,0,0,0,118,8,443,338,3,26,9,207,152,1,10,1,33,1062,0,8,25,0,2,25,0,0,0,0,0,0,2,21,21,319,16,0,442,11,0,4,0,1,7,5,17,10,0,4254
"node-mongodb-native",152,85400,85401,132,12,0,0,0,0,0,0,0,0,0,0,0,0,0,0,0,0,0,0,0,0,0,0,0,0,0,0,0,0,0,0,0,0,0,0,0,0,0,0,0,0,0,0,0,0,0,0,0,0,0,0,0,409,0,1474,253,409,50,42,1178,0,223,0,19,42,0,0,42,0,0,0,0,0,0,0,38,38,57,6,0,48,6,0,0,0,0,0,0,0,0,0,6,27,52,55,28,1091,6372,24,69,169,3,0,0,8,0,37,0,4,4,0,0,4,0,0,0,0,0,0,0,4,4,18,0,0,16,0,0,0,0,0,0,0,0,0,0,0,0,2,28,28,276,0,17,0,0,0,0,0,0,0,0,0,0,0,0,0,0,0,0,0,0,0,0,0,0,0,0,0,0,0,0,0,0,0,0,0,0,0,0,0,0,0,0,0,0,17,9,11,63,0,2,0,0,33,0,1,0,0,3,0,0,0,0,0,0,0,0,0,0,0,0,0,0,0,0,0,0,0,0,0,0,0,0,0,0,0,0,0,0,9,36,0,1,0,0,0,0,0,529,27,4155,4110,18,227,0,340,1247,0,4,0,158,16607,0,47,50,0,14,38,0,0,0,0,0,0,11,34,28,919,39,0,938,32,0,2,0,1,0,0,29,18,0,32874
"node-opencv",38,2138,2143,1,0,0,0,0,0,0,0,0,0,0,0,0,0,0,0,0,0,0,0,0,0,0,0,0,0,0,0,0,0,0,0,0,0,0,0,0,0,0,0,0,0,0,0,0,0,0,0,0,0,0,0,0,0,0,0,0,0,0,0,0,0,0,0,0,0,0,0,0,0,0,0,0,0,0,0,0,0,0,0,0,0,0,0,0,0,0,0,0,0,0,0,0,0,0,12,0,0,0,0,0,0,0,0,0,0,0,0,0,0,0,0,0,0,0,0,0,0,0,0,0,0,0,0,0,0,0,0,0,0,0,0,0,0,0,0,0,0,0,0,0,0,0,0,0,0,0,0,0,0,0,0,0,0,0,0,0,0,0,0,0,0,0,0,0,0,0,0,0,0,0,0,0,0,0,0,0,0,0,0,0,0,0,0,0,0,0,0,0,4,0,0,0,0,0,0,0,0,0,0,0,0,0,0,0,0,0,0,0,0,0,0,0,0,0,0,0,0,0,0,0,0,0,0,0,0,0,0,0,0,0,0,0,0,0,0,0,0,0,0,10,0,96,96,1,40,0,37,1,0,1,0,0,6,0,2,61,2,19,34,1,0,0,0,0,0,17,41,32,53,0,0,22,0,0,0,0,0,3,2,2,1,0,839
"node-postgres",106,6911,6914,102,0,0,0,0,0,0,0,0,0,0,0,0,0,0,0,0,0,0,0,0,0,0,0,0,0,0,0,0,0,0,0,0,0,0,0,0,0,0,0,0,0,0,0,0,0,0,0,0,0,0,0,0,6,0,6,6,6,0,1,12,0,2,0,0,1,0,0,1,0,0,0,0,0,0,0,1,1,3,0,0,3,0,0,0,0,0,0,0,0,0,0,0,0,5,3,2,19,45,0,12,23,0,2,0,0,0,3,0,0,0,0,0,0,0,0,0,0,0,0,0,0,0,3,0,0,3,0,0,0,0,0,0,0,0,0,0,0,0,0,2,5,10,0,0,0,0,0,0,0,0,0,0,0,0,0,0,0,0,0,0,0,0,0,0,0,0,0,0,0,0,0,0,0,0,0,0,0,0,0,0,0,0,0,0,0,0,16,2,18,44,1,3,0,0,5,0,1,0,0,0,0,1,3,0,1,3,0,0,0,0,0,0,1,2,2,0,1,0,0,1,0,0,0,0,0,0,0,0,0,0,2,9,0,0,0,0,0,0,2,213,4,158,152,1,23,2,37,62,0,10,0,15,236,0,5,22,0,2,16,0,0,0,0,0,0,2,19,13,32,0,0,48,0,0,0,0,0,0,0,0,0,0,866
"node-restify",115,13802,13932,103,0,0,0,0,0,0,0,0,0,0,0,0,0,0,0,0,0,0,0,0,0,0,0,0,0,0,0,0,0,0,0,0,0,0,0,0,0,0,0,0,0,0,0,0,0,0,0,0,0,0,0,0,66,0,375,36,66,5,32,183,0,23,0,2,1,0,0,1,0,0,0,0,0,0,0,0,0,15,0,0,15,0,0,0,0,0,0,0,0,0,0,0,0,1,1,0,3,10,0,1,2,0,0,0,0,0,0,0,0,0,0,0,0,0,0,0,0,0,0,0,0,0,0,0,0,0,0,0,0,0,0,0,0,0,0,0,0,0,0,0,0,0,0,1,0,0,0,0,0,0,0,0,0,0,0,0,0,0,0,0,0,0,0,0,0,0,0,0,0,0,0,0,0,0,0,0,0,0,0,0,0,0,0,0,0,0,21,4,2,71,0,1,0,0,14,0,0,0,0,0,0,0,0,0,0,0,0,0,0,0,0,0,0,0,0,0,4,2,0,3,1,0,0,0,0,0,0,0,0,0,12,24,0,0,7,0,1,0,0,210,3,420,378,1,28,0,16,60,0,1,0,4,431,0,2,3,0,2,3,0,0,0,0,0,0,2,0,0,81,7,0,110,4,0,0,0,0,0,0,3,1,0,2388
"node-serialport",44,4218,4218,38,0,0,0,0,0,0,0,0,0,0,0,0,0,0,0,0,0,0,0,0,0,0,0,0,0,0,0,0,0,0,0,0,0,0,0,0,0,0,0,0,0,0,0,0,0,0,0,0,0,0,0,0,118,0,359,86,118,0,0,314,0,40,0,8,0,0,0,0,0,0,0,0,0,0,0,0,0,21,0,0,21,0,0,0,0,0,0,0,0,0,0,0,0,63,33,45,94,331,37,13,45,0,0,0,0,0,1,0,0,1,0,0,1,0,0,0,0,0,0,0,1,1,2,0,0,2,0,0,0,0,0,0,0,0,0,0,0,0,0,45,0,13,0,1,0,0,0,0,0,0,0,0,0,0,0,0,0,0,0,0,0,0,0,0,0,0,0,0,0,0,0,0,0,0,0,0,0,0,0,0,0,0,0,0,0,0,11,1,1,33,0,0,0,0,2,0,0,0,0,0,0,0,0,0,0,0,0,0,0,0,0,0,0,0,0,0,1,0,0,1,0,0,0,0,0,0,0,0,0,0,0,0,0,0,0,0,0,0,0,104,0,120,109,0,0,2,32,98,0,0,2,10,339,0,1,12,0,1,9,0,0,0,0,0,0,1,10,8,69,0,0,78,0,0,0,0,0,0,0,0,0,0,642
"node",9062,928557,930793,3130,209,0,0,0,0,0,0,0,0,0,0,0,0,0,0,0,0,0,0,0,0,0,0,0,0,0,0,0,0,0,0,0,0,0,0,0,0,0,0,0,0,0,0,0,0,0,0,0,0,0,0,0,2167,15,9284,1119,2061,318,419,5597,42,1008,0,177,786,0,0,613,3,2,0,0,0,0,18,424,407,573,42,0,544,41,3,24,0,29,15,15,5,5,2,172,400,420,1343,127,1989,5108,327,93,191,17,1,0,24,0,19,0,0,17,0,0,12,0,0,0,0,0,0,0,15,11,29,2,0,22,2,1,0,0,1,1,0,1,0,0,0,0,44,127,25,497,22,44,197,1942,26,58,26,1,15,71,0,15,0,19,0,14,19,0,0,0,0,0,0,14,3,3,7,1,0,5,1,0,0,0,0,1,0,0,0,0,0,0,0,1,218,6,128,541,40,32,0,0,8,1,3,0,0,2,0,30,48,0,9,47,0,0,0,0,0,0,8,42,42,0,27,0,0,24,0,0,0,0,0,0,0,4,2,0,49,22,0,4,4,1,1,3,8,5056,39,4282,2897,10,281,13,1151,1198,8,46,7,316,7501,0,1189,514,2,28,454,2,1,0,0,0,0,27,424,382,2812,167,0,3960,128,0,2,0,4,54,28,5498,683,0,130156
"nodemailer",66,13808,13814,66,0,0,0,0,0,0,0,0,0,0,0,0,0,0,0,0,0,0,0,0,0,0,0,0,0,0,0,0,0,0,0,0,0,0,0,0,0,0,0,0,0,0,0,0,0,0,0,0,0,0,0,0,43,0,111,35,43,13,2,134,0,23,0,2,0,0,0,0,0,0,0,0,0,0,0,0,0,22,1,0,18,1,0,0,0,0,0,0,0,0,0,0,0,6,3,1,2,5,0,1,2,0,0,0,0,0,0,0,0,0,0,0,0,0,0,0,0,0,0,0,0,0,0,0,0,0,0,0,0,0,0,0,0,0,0,0,0,0,0,1,0,2,0,0,1,2,0,0,0,0,0,0,0,0,0,0,0,0,0,0,0,0,0,0,0,0,0,0,0,0,0,0,0,0,0,0,0,0,0,0,0,0,0,0,0,0,42,24,36,142,0,0,0,0,122,0,0,0,0,0,0,0,0,0,0,0,0,0,0,0,0,0,0,0,0,0,30,0,0,24,0,0,0,0,0,0,0,0,0,0,0,0,0,0,0,0,0,0,0,346,0,285,278,0,0,0,55,137,0,0,0,35,530,0,2,0,0,0,0,0,0,0,0,0,0,0,0,0,152,0,0,162,0,0,0,0,0,0,0,0,0,0,2125
"nodemon",72,4362,4805,24,0,0,0,0,0,0,0,0,0,0,0,0,0,0,0,0,0,0,0,0,0,0,0,0,0,0,0,0,0,0,0,0,0,0,0,0,0,0,0,0,0,0,0,0,0,0,0,0,0,0,0,0,14,0,78,3,14,6,6,29,0,4,0,0,0,0,0,0,0,0,0,0,0,0,0,0,0,1,0,0,1,0,0,0,0,0,0,0,0,0,0,0,0,5,70,2,11,50,0,10,16,0,0,0,3,0,3,0,0,3,0,0,3,0,0,0,0,0,0,0,3,3,3,3,0,3,3,3,0,0,0,0,0,0,0,0,0,0,0,2,0,2,0,1,0,0,0,0,0,0,0,0,0,0,0,0,0,0,0,0,0,0,0,0,0,0,0,0,0,0,0,0,0,0,0,0,0,0,0,0,0,0,0,0,0,0,5,0,5,18,1,1,0,0,0,0,0,0,0,0,0,0,1,0,0,1,0,0,0,0,0,0,0,1,1,0,0,0,0,0,0,0,0,0,0,0,0,0,0,0,0,0,0,0,0,0,0,0,0,179,6,24,22,0,7,0,5,9,0,0,0,1,34,0,2,4,0,0,4,0,0,0,0,0,0,0,4,4,13,0,0,16,0,0,0,0,1,0,0,0,0,0,161
"nuxt.js",266,8163,8217,0,0,0,0,0,0,0,0,0,0,0,0,0,0,0,0,0,0,0,0,0,0,0,0,0,0,0,0,0,0,0,0,0,0,0,0,0,0,0,0,0,0,0,0,0,0,0,0,0,0,0,0,0,3,0,72,0,2,0,0,8,0,1,0,0,1,0,0,1,0,0,0,0,0,0,0,1,1,1,0,0,1,0,0,0,0,1,0,0,0,0,0,1,1,25,84,8,14,104,0,6,10,0,0,0,1,0,5,0,0,0,0,0,0,0,0,0,0,0,0,0,0,0,1,0,0,1,0,0,0,0,1,1,0,0,0,0,0,0,0,8,0,4,1,3,4,418,2,68,1,0,0,5,0,0,0,0,0,0,0,0,0,0,0,0,0,0,0,0,1,0,0,1,0,0,0,0,0,1,0,0,0,0,0,0,1,1,2,0,0,2,0,0,0,0,0,0,0,0,0,0,0,0,0,0,0,0,0,0,0,0,0,0,0,0,0,0,0,0,0,0,0,0,0,0,0,0,0,0,0,0,0,0,0,0,0,0,0,0,0,24,0,30,20,0,2,0,16,15,0,0,0,9,60,0,4,1,0,0,1,0,0,0,0,0,0,0,1,1,28,0,0,32,0,0,0,0,1,0,0,0,0,0,191
"openlayers",763,86930,86984,0,0,0,0,0,0,0,0,0,0,0,0,0,0,0,0,0,0,0,0,0,0,0,0,0,0,0,0,0,0,0,0,0,0,0,0,0,0,0,0,0,0,0,0,0,0,0,0,0,0,0,0,0,176,0,714,98,176,3,13,381,0,160,0,0,1,0,0,1,0,0,0,0,0,0,1,0,0,9,0,0,9,0,0,1,0,0,0,0,0,0,0,0,0,4,23,3,30,227,0,2,6,0,0,0,0,0,0,0,0,0,0,0,0,0,0,0,0,0,0,0,0,0,2,0,0,2,0,0,0,0,0,0,0,0,0,0,0,0,0,3,0,15,0,1,4,12,0,0,0,0,0,0,0,0,0,0,0,0,0,0,0,0,0,0,0,0,0,0,0,0,0,0,0,0,0,0,0,0,0,0,0,0,0,0,0,0,12,0,0,19,0,10,0,0,0,0,0,0,0,0,1,0,0,0,0,0,0,0,0,0,0,0,0,0,0,0,0,0,0,0,0,0,0,0,0,0,0,0,0,0,0,0,0,0,0,0,0,0,0,305,3,90,75,1,18,0,30,70,0,15,0,27,471,0,1,1,0,0,1,0,0,0,0,0,0,0,0,0,30,1,0,36,1,1,0,0,0,3,1,3,1,0,1024
"parse-server",236,0,236,0,0,0,0,0,0,0,0,0,0,0,0,0,0,0,0,0,0,0,0,0,0,0,0,0,0,0,0,0,0,0,0,0,0,0,0,0,0,0,0,0,0,0,0,0,0,0,0,0,0,0,0,0,0,0,0,0,0,0,0,0,0,0,0,0,0,0,0,0,0,0,0,0,0,0,0,0,0,0,0,0,0,0,0,0,0,0,0,0,0,0,0,0,0,0,0,0,0,0,0,0,0,0,0,0,0,0,0,0,0,0,0,0,0,0,0,0,0,0,0,0,0,0,0,0,0,0,0,0,0,0,0,0,0,0,0,0,0,0,0,0,0,0,0,0,0,0,0,0,0,0,0,0,0,0,0,0,0,0,0,0,0,0,0,0,0,0,0,0,0,0,0,0,0,0,0,0,0,0,0,0,0,0,0,0,0,0,0,0,0,0,0,0,0,0,0,0,0,0,0,0,0,0,0,0,0,0,0,0,0,0,0,0,0,0,0,0,0,0,0,0,0,0,0,0,0,0,0,0,0,0,0,0,0,0,0,0,0,0,0,0,0,0,0,0,0,0,0,0,0,0,0,0,0,0,0,0,0,0,0,0,0,0,0,0,0,0,0,0,0,0,0,0,0,0,0,0,0,0,0,0,0,0,0
"passport",34,6476,6476,0,0,0,0,0,0,0,0,0,0,0,0,0,0,0,0,0,0,0,0,0,0,0,0,0,0,0,0,0,0,0,0,0,0,0,0,0,0,0,0,0,0,0,0,0,0,0,0,0,0,0,0,0,6,0,48,0,6,0,0,12,0,6,0,0,0,0,0,0,0,0,0,0,0,0,0,0,0,6,0,0,6,0,0,0,0,0,0,0,0,0,0,0,0,0,0,0,0,0,0,0,0,0,0,0,0,0,0,0,0,0,0,0,0,0,0,0,0,0,0,0,0,0,0,0,0,0,0,0,0,0,0,0,0,0,0,0,0,0,0,0,0,0,0,0,0,0,0,0,0,0,0,0,0,0,0,0,0,0,0,0,0,0,0,0,0,0,0,0,0,0,0,0,0,0,0,0,0,0,0,0,0,0,0,0,0,0,0,0,0,0,0,0,0,0,0,0,0,0,0,0,0,0,0,0,0,0,0,0,0,0,0,0,0,0,0,0,0,0,0,0,0,0,0,0,0,0,0,0,0,0,0,0,0,0,0,0,0,0,0,0,0,95,92,1,0,0,10,40,1,0,0,0,109,0,85,0,0,0,0,0,0,0,0,0,0,0,0,0,19,0,0,18,0,0,0,0,0,0,0,0,0,0,449
"peerflix",1,184,184,0,0,0,0,0,0,0,0,0,0,0,0,0,0,0,0,0,0,0,0,0,0,0,0,0,0,0,0,0,0,0,0,0,0,0,0,0,0,0,0,0,0,0,0,0,0,0,0,0,0,0,0,0,0,0,0,0,0,0,0,0,0,0,0,0,0,0,0,0,0,0,0,0,0,0,0,0,0,0,0,0,0,0,0,0,0,0,0,0,0,0,0,0,0,0,0,0,0,0,0,0,0,0,0,0,0,0,0,0,0,0,0,0,0,0,0,0,0,0,0,0,0,0,0,0,0,0,0,0,0,0,0,0,0,0,0,0,0,0,0,0,0,0,0,0,0,0,0,0,0,0,0,0,0,0,0,0,0,0,0,0,0,0,0,0,0,0,0,0,0,0,0,0,0,0,0,0,0,0,0,0,0,0,0,0,0,0,0,0,0,0,0,0,0,0,0,0,0,0,0,0,0,0,0,0,0,0,0,0,0,0,0,0,0,0,0,0,0,0,0,0,0,0,0,0,0,0,0,0,0,0,0,0,0,0,0,0,0,0,0,6,0,1,1,0,0,0,1,0,0,0,0,0,0,0,0,0,0,0,0,0,0,0,0,0,0,0,0,0,16,0,0,2,0,0,0,0,0,0,0,0,0,0,129
"pm2",312,21167,21170,13,1,0,0,0,0,0,0,0,0,0,0,0,0,0,0,0,0,0,0,0,0,0,0,0,0,0,0,0,0,0,0,0,0,0,0,0,0,0,0,0,0,0,0,0,0,0,0,0,0,0,0,0,233,0,947,128,232,39,49,521,55,132,0,0,7,0,0,7,0,0,0,0,0,0,1,6,6,82,4,1,82,4,8,14,1,1,0,0,0,0,0,1,1,10,81,8,13,157,0,1,3,0,0,0,0,0,0,0,0,0,0,0,0,0,0,0,0,0,0,0,0,0,0,0,0,0,0,0,0,0,0,0,0,0,0,0,0,0,0,8,0,2,0,0,0,0,0,0,0,0,0,0,0,0,0,0,0,0,0,0,0,0,0,0,0,0,0,0,0,0,0,0,0,0,0,0,0,0,0,0,0,0,0,0,0,0,29,11,1,52,0,0,0,0,95,0,0,0,0,7,0,4,4,0,4,4,0,0,0,0,0,0,4,4,4,0,3,0,0,3,0,0,0,0,0,0,0,0,0,0,3,4,0,0,0,0,0,0,1,329,10,675,666,7,146,35,166,145,1,20,20,38,1048,0,5,9,0,5,9,0,0,0,0,0,0,5,8,8,638,48,3,540,37,0,0,2,6,0,0,0,0,0,4889
"postcss",23,3774,3823,23,0,0,0,0,0,0,0,0,0,0,0,0,0,0,0,0,0,0,0,0,0,0,0,0,0,0,0,0,0,0,0,0,0,0,0,0,0,0,0,0,0,0,0,0,0,0,0,0,0,0,0,0,4,0,8,2,4,0,0,16,0,4,0,4,3,0,0,3,0,0,0,0,0,0,0,3,3,0,0,0,0,0,0,0,0,0,0,0,0,0,0,0,0,7,16,2,19,43,0,6,22,0,0,0,0,0,1,0,0,2,0,0,2,0,0,0,0,0,0,0,2,2,1,0,0,1,0,0,0,0,0,0,0,0,0,0,0,0,0,2,1,2,0,0,0,0,0,0,0,0,0,0,0,0,0,0,0,0,0,0,0,0,0,0,0,0,0,0,0,0,0,0,0,0,0,0,0,0,0,0,0,0,0,0,0,0,0,0,0,0,0,0,0,0,0,0,0,0,0,0,0,0,0,0,0,0,0,0,0,0,0,0,0,0,0,0,0,0,0,0,0,0,0,0,0,0,0,0,0,0,0,0,0,0,0,0,0,0,0,0,0,8,6,0,0,0,3,6,0,0,0,1,19,0,0,2,0,0,2,0,0,0,0,0,0,0,2,2,1,0,0,2,0,0,0,0,0,0,0,0,0,0,26
"pouchdb",130,90643,90644,118,268,0,0,0,0,0,0,0,0,0,0,0,0,0,0,0,0,0,0,0,0,0,0,0,0,0,0,0,0,0,0,0,0,0,0,0,0,0,0,0,0,0,0,0,0,0,0,0,0,0,0,0,500,0,2628,283,500,61,194,1780,0,284,0,21,23,0,0,23,0,0,0,0,0,0,0,23,23,246,17,0,231,17,0,0,0,0,0,0,17,17,0,17,34,164,191,113,3180,20222,398,137,296,1,0,0,5,8,34,0,0,13,0,0,11,0,0,0,0,0,0,0,13,11,30,0,0,18,0,0,0,0,0,0,0,0,0,0,0,0,0,113,13,136,0,41,0,0,0,0,0,0,0,0,0,0,0,0,0,0,0,0,0,0,0,0,0,0,0,0,0,0,0,0,0,0,0,0,0,0,0,0,0,0,0,0,0,0,32,0,29,61,5,4,0,0,0,0,0,0,0,0,0,1,1,0,0,1,0,0,0,0,0,0,0,1,1,0,0,0,0,0,0,0,0,0,0,0,0,0,0,0,0,0,0,0,0,0,0,0,0,759,60,2784,2690,2,224,12,773,1328,1,21,9,462,8674,0,187,357,10,34,206,8,0,0,0,0,0,28,90,77,3808,74,0,2752,49,0,10,0,62,18,14,156,55,0,22390
"protobuf.js",179,34205,34242,83,105,0,0,0,0,0,0,0,0,0,0,0,0,0,0,0,0,0,0,0,0,0,0,0,0,0,0,0,0,0,0,0,0,0,0,0,0,0,0,0,0,0,0,0,0,0,0,0,0,0,0,0,116,0,783,55,114,16,22,376,0,46,0,0,15,0,0,15,0,0,0,0,0,0,0,9,9,68,3,0,68,3,11,10,0,1,0,0,0,0,0,4,9,4,70,8,8,20,0,9,28,0,0,0,1,0,4,0,0,0,0,0,0,0,0,0,0,0,0,0,0,0,0,0,0,0,0,0,0,0,0,0,0,0,0,0,0,0,0,8,0,0,0,0,0,0,0,0,0,0,0,0,0,0,0,0,0,0,0,0,0,0,0,0,0,0,0,0,0,0,0,0,0,0,0,0,0,0,0,0,0,0,0,0,0,0,5,0,12,17,0,0,0,0,0,0,0,0,0,0,0,1,1,0,0,1,0,0,0,0,0,0,0,1,1,0,0,0,0,0,0,0,0,0,0,0,0,0,0,0,0,0,0,0,0,0,0,0,0,57,0,81,77,0,0,2,26,37,0,0,1,8,210,0,4,16,0,0,13,0,0,0,0,0,0,0,11,9,71,0,0,66,0,4,0,0,0,0,0,1,1,0,1102
"pug",68,7093,7093,32,0,0,0,0,0,0,0,0,0,0,0,0,0,0,0,0,0,0,0,0,0,0,0,0,0,0,0,0,0,0,0,0,0,0,0,0,0,0,0,0,0,0,0,0,0,0,0,0,0,0,0,0,50,0,165,22,47,1,11,251,0,16,0,3,29,0,0,24,0,0,0,0,0,0,0,23,23,15,2,0,15,2,0,0,0,2,0,0,0,0,0,3,9,0,11,0,0,0,0,0,0,0,0,0,0,0,0,0,0,0,0,0,0,0,0,0,0,0,0,0,0,0,0,0,0,0,0,0,0,0,0,0,0,0,0,0,0,0,0,0,0,0,0,0,0,0,0,0,0,0,0,0,0,0,0,0,0,0,0,0,0,0,0,0,0,0,0,0,0,0,0,0,0,0,0,0,0,0,0,0,0,0,0,0,0,0,0,0,0,0,0,0,0,0,0,0,0,0,0,0,0,0,0,0,0,0,0,0,0,0,0,0,0,0,0,0,0,0,0,0,0,0,0,0,0,0,0,0,0,0,0,0,0,0,0,0,0,0,0,2,0,11,11,0,0,0,6,0,0,0,0,0,0,0,0,4,0,0,2,0,0,0,0,0,0,0,4,2,5,0,0,10,0,0,0,0,0,0,0,0,0,0,62
"react-native",875,40425,40936,281,15,0,0,0,0,0,0,0,0,0,0,0,0,0,0,0,0,0,2,0,0,0,0,0,0,0,0,0,0,0,0,0,0,0,0,0,0,0,0,0,0,0,0,0,0,0,0,0,0,0,0,0,249,0,974,178,171,46,29,550,9,98,0,28,9,0,0,9,0,0,0,0,0,0,6,6,6,29,11,0,26,11,0,5,0,0,0,0,10,10,4,83,280,57,92,24,31,96,1,4,8,0,0,0,1,0,1,0,0,1,0,0,1,0,0,0,0,0,0,0,1,1,1,0,0,1,0,0,0,0,0,0,0,0,0,0,0,0,0,24,0,19,0,0,6,23,3,95,3,0,1,11,0,2,0,0,0,0,0,0,0,0,0,0,0,0,0,0,0,0,0,0,0,0,0,0,0,0,0,0,0,0,0,0,1,4,4,0,0,7,0,0,0,0,0,0,0,0,0,0,0,0,0,0,0,0,0,0,0,0,0,0,0,0,0,0,1,0,0,1,0,0,0,0,0,0,0,0,0,0,0,0,0,0,0,0,0,0,0,30,0,110,49,1,16,0,20,42,1,0,0,13,297,0,13,6,0,0,5,0,0,0,0,0,0,0,4,4,181,2,0,96,2,0,6,0,0,16,3,131,14,0,3073
"reactGo",91,2651,2655,0,0,0,0,0,0,0,0,0,0,0,0,0,0,0,0,0,0,0,0,0,0,0,0,0,0,0,0,0,0,0,0,0,0,0,0,0,0,0,0,0,0,0,0,0,0,0,0,0,0,0,0,0,0,0,0,0,0,0,0,0,0,0,0,0,0,0,0,0,0,0,0,0,0,0,0,0,0,0,0,0,0,0,0,0,0,0,0,0,0,0,0,0,0,7,9,2,38,150,1,23,53,0,3,0,5,0,5,0,0,0,0,0,0,0,0,0,0,0,0,0,0,0,7,0,0,7,0,0,0,0,0,0,0,0,0,0,0,0,0,2,0,4,0,0,0,0,0,0,0,0,0,0,0,0,0,0,0,0,0,0,0,0,0,0,0,0,0,0,0,0,0,0,0,0,0,0,0,0,0,0,0,0,0,0,0,0,0,0,0,0,0,0,0,0,0,0,0,0,0,0,0,0,0,0,0,0,0,0,0,0,0,0,0,0,0,0,0,0,0,0,0,0,0,0,0,0,0,0,0,0,0,0,0,0,0,0,0,0,0,2,0,40,40,0,10,1,17,25,0,3,1,6,80,0,0,0,0,0,0,0,0,0,0,0,0,0,0,0,62,0,0,46,0,0,0,0,0,0,0,0,0,0,218
"request",74,9852,9865,73,0,0,0,0,0,0,0,0,0,0,0,0,0,0,0,0,0,0,0,0,0,0,0,0,0,0,0,0,0,0,0,0,0,0,0,0,0,0,0,0,0,0,0,0,0,0,0,0,0,0,0,0,8,0,17,6,8,0,3,15,0,6,0,1,0,0,0,0,0,0,0,0,0,0,0,0,0,1,0,0,1,0,0,0,0,0,0,0,0,0,0,0,0,3,12,0,1,3,0,0,0,0,0,0,0,0,0,0,0,0,0,0,0,0,0,0,0,0,0,0,0,0,0,0,0,0,0,0,0,0,0,0,0,0,0,0,0,0,0,0,0,1,0,0,0,0,0,0,0,0,0,0,0,0,0,0,0,0,0,0,0,0,0,0,0,0,0,0,0,0,0,0,0,0,0,0,0,0,0,0,0,0,0,0,0,0,9,2,28,24,0,1,0,0,4,0,1,0,0,0,0,0,0,0,0,0,0,0,0,0,0,0,0,0,0,0,0,0,0,0,0,0,0,0,0,0,0,0,0,0,0,0,0,0,0,0,0,0,0,210,18,213,211,0,29,0,8,14,0,1,0,4,68,0,1,1,0,1,1,0,0,0,0,0,0,1,0,0,5,0,0,8,0,0,0,0,0,0,0,0,0,0,1192
"sails",221,27217,27415,0,1,0,0,0,0,0,0,0,0,0,0,0,0,0,0,0,0,0,0,0,0,0,0,0,0,0,0,0,0,0,0,0,0,0,0,0,0,0,0,0,0,0,0,0,0,0,0,0,0,0,0,0,457,0,3512,175,457,23,25,1416,0,381,0,6,94,0,0,75,0,0,0,0,0,0,37,59,59,365,3,0,328,3,0,3,0,8,0,0,2,1,1,0,0,0,206,1,3,16,0,5,7,0,0,0,0,0,5,0,0,0,0,0,0,0,0,0,0,0,0,0,0,0,1,0,0,1,0,0,0,0,0,0,0,0,0,0,0,0,0,1,0,0,0,0,0,0,0,0,0,0,0,0,0,0,0,0,0,0,0,0,0,0,0,0,0,0,0,0,0,0,0,0,0,0,0,0,0,0,0,0,0,0,0,0,0,0,6,0,2,19,0,0,0,0,0,0,0,0,0,0,0,0,0,0,0,0,0,0,0,0,0,0,0,0,0,0,7,0,0,6,0,0,0,0,0,0,0,0,0,0,0,0,0,0,0,0,0,0,0,98,4,893,890,0,41,2,598,268,0,4,0,15,3272,0,8,20,0,10,13,0,0,0,0,0,0,8,8,7,1657,1,0,1500,1,1,0,0,2,0,0,7,4,0,7160
"sequelize",259,81463,81464,257,0,0,0,0,0,0,0,0,0,0,0,0,0,0,0,0,0,0,0,0,0,0,0,0,0,0,0,0,0,0,0,0,0,0,0,0,0,0,0,0,0,0,0,0,0,0,0,0,0,0,0,0,19,0,51,15,19,0,0,46,0,14,0,10,9,0,0,5,0,0,0,0,0,0,4,5,5,0,0,0,0,0,0,0,0,0,0,0,0,0,0,0,0,633,194,64,4381,23548,7,116,337,4,0,0,6,0,46,0,0,19,0,1,10,0,0,0,0,0,0,1,10,6,16,0,0,14,0,0,0,0,0,0,0,3,0,0,0,0,0,64,0,1,0,196,0,0,0,0,0,0,0,0,0,0,0,0,0,0,0,0,0,0,0,0,0,0,0,0,0,0,0,0,0,0,0,0,0,0,0,0,0,0,0,0,0,0,3,0,2,9,0,0,0,0,0,0,0,0,0,4,0,1,1,0,0,1,0,0,0,0,0,0,0,1,1,0,0,0,0,0,0,0,0,0,0,0,0,0,0,0,1,2,0,0,0,0,0,1,0,16,7,167,151,0,0,0,70,144,0,0,0,62,711,0,3,29,0,3,18,0,0,0,0,0,0,3,15,10,82,4,0,88,4,0,0,0,3,0,0,18,4,0,1144
"session",8,2642,2642,5,0,0,0,0,0,0,0,0,0,0,0,0,0,0,0,0,0,0,0,0,0,0,0,0,0,0,0,0,0,0,0,0,0,0,0,0,0,0,0,0,0,0,0,0,0,0,0,0,0,0,0,0,0,0,0,0,0,0,0,0,0,0,0,0,0,0,0,0,0,0,0,0,0,0,0,0,0,0,0,0,0,0,0,0,0,0,0,0,0,0,0,0,0,0,0,0,0,0,0,0,0,0,0,0,0,0,0,0,0,0,0,0,0,0,0,0,0,0,0,0,0,0,0,0,0,0,0,0,0,0,0,0,0,0,0,0,0,0,0,0,0,0,0,0,0,0,0,0,0,0,0,0,0,0,0,0,0,0,0,0,0,0,0,0,0,0,0,0,0,0,0,0,0,0,0,0,0,0,0,0,0,0,0,0,0,0,3,0,1,12,0,0,0,0,0,0,0,0,0,0,0,0,0,0,0,0,0,0,0,0,0,0,0,0,0,0,0,0,0,0,0,0,0,0,0,0,0,0,0,0,0,0,0,0,0,0,0,0,0,12,0,101,101,0,0,0,89,30,0,0,0,0,138,0,0,0,0,0,0,0,0,0,0,0,0,0,0,0,129,0,0,172,0,0,0,0,0,0,0,0,0,0,572
"showdown",61,8664,8687,3,184,0,0,0,0,0,0,0,0,0,0,0,0,0,0,0,0,0,0,0,0,0,0,0,0,0,0,0,0,0,0,0,0,0,0,0,0,0,0,0,0,0,0,0,0,0,0,0,0,0,0,0,8,0,18,5,8,0,1,18,0,5,0,0,0,0,0,0,0,0,0,0,0,0,0,0,0,0,0,0,0,0,0,0,0,0,0,0,0,0,0,0,0,0,0,0,0,0,0,0,0,0,0,0,0,0,0,0,0,0,0,0,0,0,0,0,0,0,0,0,0,0,0,0,0,0,0,0,0,0,0,0,0,0,0,0,0,0,0,0,0,0,0,0,0,0,0,0,0,0,0,0,0,0,0,0,0,0,0,0,0,0,0,0,0,0,0,0,0,0,0,0,0,0,0,0,0,0,0,0,0,0,0,0,0,0,0,0,0,0,0,0,0,0,0,0,0,0,0,0,0,0,0,0,0,0,0,0,0,0,0,0,0,0,0,0,0,0,0,0,0,0,0,0,0,0,0,0,0,0,0,0,0,0,0,0,0,0,0,0,0,1,1,0,0,0,0,1,0,0,0,0,5,0,0,0,0,0,0,0,0,0,0,0,0,0,0,0,0,0,0,0,0,0,0,0,0,0,0,0,0,0,5
"sinon",384,825888,825889,128,4396,0,0,0,0,0,0,0,0,0,0,0,0,0,0,0,0,0,0,0,0,0,0,0,0,0,0,0,0,0,0,0,0,0,0,0,0,0,0,0,0,0,0,0,0,0,0,0,0,0,0,0,11466,0,47995,6236,10907,3596,2728,16372,0,7212,0,2395,514,0,0,514,0,0,0,0,0,0,0,514,514,2924,1545,0,2564,1545,0,285,0,7,0,0,0,0,0,1320,3440,35,116,73,27,36,0,9,18,0,0,0,0,0,7,0,0,0,0,0,0,0,0,0,0,0,0,0,0,0,0,0,0,0,0,0,0,0,0,0,0,0,0,0,0,0,0,73,0,9,0,0,1,3,0,0,0,0,0,0,0,0,0,0,0,0,0,0,0,0,0,0,0,0,0,0,0,0,0,0,0,0,0,0,0,0,0,0,0,0,0,0,0,0,1,0,0,1,0,0,0,0,0,0,0,0,0,0,0,1,1,0,0,1,0,0,0,0,0,0,0,1,1,0,0,0,0,0,0,0,0,0,0,0,0,0,0,0,0,0,0,0,0,0,0,0,0,2,5,1463,595,1,488,1,428,429,0,0,0,23,1770,0,60,239,0,0,239,0,0,0,0,0,0,0,83,83,1382,0,43,2262,0,0,0,43,2,1,1,2,1,0,10010
"socket.io",31,4779,4779,4,0,0,0,0,0,0,0,0,0,0,0,0,0,0,0,0,0,0,0,0,0,0,0,0,0,0,0,0,0,0,0,0,0,0,0,0,0,0,0,0,0,0,0,0,0,0,0,0,0,0,0,0,5,0,38,2,5,1,3,7,0,4,0,0,0,0,0,0,0,0,0,0,0,0,0,0,0,0,0,0,0,0,0,0,0,0,0,0,0,0,0,0,0,0,3,0,0,0,0,0,0,0,0,0,0,0,0,0,0,0,0,0,0,0,0,0,0,0,0,0,0,0,0,0,0,0,0,0,0,0,0,0,0,0,0,0,0,0,0,0,0,0,0,0,0,0,0,0,0,0,0,0,0,0,0,0,0,0,0,0,0,0,0,0,0,0,0,0,0,0,0,0,0,0,0,0,0,0,0,0,0,0,0,0,0,0,14,2,1,41,0,6,0,0,6,0,0,0,0,0,0,0,0,0,0,0,0,0,0,0,0,0,0,0,0,0,0,0,0,0,0,0,0,0,0,0,0,0,0,0,0,0,0,0,0,0,0,0,0,461,0,62,60,0,18,0,24,36,0,8,0,9,145,0,0,0,0,0,0,0,0,0,0,0,0,0,0,0,22,0,0,38,0,0,0,0,0,0,0,0,0,0,322
"sockjs-node",10,275,275,0,0,0,0,0,0,0,0,0,0,0,0,0,0,0,0,0,0,0,0,0,0,0,0,0,0,0,0,0,0,0,0,0,0,0,0,0,0,0,0,0,0,0,0,0,0,0,0,0,0,0,0,0,0,0,0,0,0,0,0,0,0,0,0,0,0,0,0,0,0,0,0,0,0,0,0,0,0,0,0,0,0,0,0,0,0,0,0,0,0,0,0,0,0,0,0,0,0,0,0,0,0,0,0,0,0,0,0,0,0,0,0,0,0,0,0,0,0,0,0,0,0,0,0,0,0,0,0,0,0,0,0,0,0,0,0,0,0,0,0,0,0,0,0,0,0,0,0,0,0,0,0,0,0,0,0,0,0,0,0,0,0,0,0,0,0,0,0,0,0,0,0,0,0,0,0,0,0,0,0,0,0,0,0,0,0,0,0,0,0,0,0,0,0,0,0,0,0,0,0,0,0,0,0,0,0,0,0,0,0,0,0,0,0,0,0,0,0,0,0,0,0,0,0,0,0,0,0,0,0,0,0,0,0,0,0,0,0,0,0,28,0,1,1,0,1,0,0,1,0,1,0,0,7,0,0,0,0,0,0,0,0,0,0,0,0,0,0,0,0,0,0,0,0,0,0,0,0,0,0,0,0,0,7
"spectron",26,5653,5653,0,0,0,0,0,0,0,0,0,0,0,0,0,0,0,0,0,0,0,0,0,0,0,0,0,0,0,0,0,0,0,0,0,0,0,0,0,0,0,0,0,0,0,0,0,0,0,0,0,0,0,0,0,6,0,12,6,6,2,4,8,0,4,0,0,0,0,0,0,0,0,0,0,0,0,0,0,0,0,0,0,0,0,0,0,0,0,0,0,0,0,0,0,0,7,8,7,75,182,14,0,0,0,0,0,0,0,0,0,0,0,0,0,0,0,0,0,0,0,0,0,0,0,0,0,0,0,0,0,0,0,0,0,0,0,0,0,0,0,0,7,0,4,0,0,0,0,0,0,0,0,0,0,0,0,0,0,0,0,0,0,0,0,0,0,0,0,0,0,0,0,0,0,0,0,0,0,0,0,0,0,0,0,0,0,0,0,0,0,0,0,0,0,0,0,0,0,0,0,0,0,0,0,0,0,0,0,0,0,0,0,0,0,0,0,0,0,0,0,0,0,0,0,0,0,0,0,0,0,0,0,0,0,0,0,0,0,0,0,0,23,0,12,7,0,0,0,2,5,0,0,0,0,32,0,0,4,0,0,4,0,0,0,0,0,0,0,2,2,11,0,0,8,0,0,0,0,0,0,0,0,0,0,144
"standard",5,202,202,0,0,0,0,0,0,0,0,0,0,0,0,0,0,0,0,0,0,0,0,0,0,0,0,0,0,0,0,0,0,0,0,0,0,0,0,0,0,0,0,0,0,0,0,0,0,0,0,0,0,0,0,0,0,0,0,0,0,0,0,0,0,0,0,0,0,0,0,0,0,0,0,0,0,0,0,0,0,0,0,0,0,0,0,0,0,0,0,0,0,0,0,0,0,0,0,0,0,0,0,0,0,0,0,0,0,0,0,0,0,0,0,0,0,0,0,0,0,0,0,0,0,0,0,0,0,0,0,0,0,0,0,0,0,0,0,0,0,0,0,0,0,0,0,0,0,0,0,0,0,0,0,0,0,0,0,0,0,0,0,0,0,0,0,0,0,0,0,0,0,0,0,0,0,0,0,0,0,0,0,0,0,0,0,0,0,0,1,0,0,1,0,0,0,0,0,0,0,0,0,0,0,0,0,0,0,0,0,0,0,0,0,0,0,0,0,0,0,0,0,0,0,0,0,0,0,0,0,0,0,0,0,0,0,0,0,0,0,0,0,4,0,11,11,0,0,0,7,9,0,0,0,1,124,0,0,1,0,0,1,0,0,0,0,0,0,0,1,1,2,0,0,4,0,0,0,0,0,0,0,0,0,0,100
"store.js",50,2530,2530,0,1,0,0,0,0,0,0,0,0,0,0,0,0,0,0,0,0,0,0,0,0,0,0,0,0,0,0,0,0,0,0,0,0,0,0,0,0,0,0,0,0,0,0,0,0,0,0,0,0,0,0,0,7,0,24,4,7,0,7,12,0,6,0,0,0,0,0,0,0,0,0,0,0,0,0,0,0,3,2,0,3,2,0,0,0,0,0,0,0,0,0,0,0,0,0,0,0,0,0,0,0,0,0,0,0,0,0,0,0,0,0,0,0,0,0,0,0,0,0,0,0,0,0,0,0,0,0,0,0,0,0,0,0,0,0,0,0,0,0,0,0,0,0,0,0,0,0,0,0,0,0,0,0,0,0,0,0,0,0,0,0,0,0,0,0,0,0,0,0,0,0,0,0,0,0,0,0,0,0,0,0,0,0,0,0,0,0,0,0,0,0,0,0,0,0,0,0,0,0,0,0,0,0,0,0,0,0,0,0,0,0,0,0,0,0,0,0,0,0,0,0,0,0,0,0,0,0,0,0,0,0,0,0,0,0,0,0,0,0,1,4,8,8,0,1,0,7,2,0,0,0,0,16,0,0,5,0,3,3,0,0,0,0,0,0,3,2,2,11,0,0,10,0,0,0,0,0,0,0,0,0,0,71
"superagent",57,6965,6967,37,0,0,0,0,0,0,0,0,0,0,0,0,0,0,0,0,0,0,0,0,0,0,0,0,0,0,0,0,0,0,0,0,0,0,0,0,0,0,0,0,0,0,0,0,0,0,0,0,0,0,0,0,480,0,2118,23,480,6,4,975,1,468,0,5,0,0,0,0,0,0,0,0,0,0,0,0,0,8,0,0,8,0,0,0,0,0,0,0,0,0,0,2,4,7,2,0,40,122,12,2,4,0,0,0,1,0,1,0,0,0,0,0,0,0,0,0,0,0,0,0,0,0,1,1,0,1,1,1,0,0,0,0,0,0,0,0,0,0,0,0,0,3,0,3,0,0,0,0,0,0,0,0,0,0,0,0,0,0,0,0,0,0,0,0,0,0,0,0,0,0,0,0,0,0,0,0,0,0,0,0,0,0,0,0,0,0,11,1,6,46,0,1,0,0,2,0,0,0,0,0,0,0,0,0,0,0,0,0,0,0,0,0,0,0,0,0,5,0,0,3,0,0,0,0,0,0,0,0,0,0,0,0,0,0,0,0,0,0,0,114,2,315,313,0,161,0,20,22,0,1,0,4,72,0,3,1,0,0,1,0,0,0,0,0,0,0,1,1,30,8,0,36,1,0,0,0,0,0,0,0,0,0,2116
"svgo",66,6322,6322,66,0,0,0,0,0,0,0,0,0,0,0,0,0,0,0,0,0,0,0,0,0,0,0,0,0,0,0,0,0,0,0,0,0,0,0,0,0,0,0,0,0,0,0,0,0,0,0,0,0,0,0,0,12,0,39,4,12,0,2,37,0,7,0,5,1,0,0,1,0,0,0,0,0,0,0,1,1,7,1,0,5,1,0,0,0,0,2,2,0,0,0,0,0,12,22,18,23,58,14,1,1,0,0,0,0,0,1,0,0,0,0,0,0,0,0,0,0,0,0,0,0,0,1,0,0,1,0,0,0,0,0,0,0,0,0,0,0,0,9,18,0,14,0,2,0,0,0,0,0,0,0,0,0,0,0,0,0,0,0,0,0,0,0,0,0,0,0,0,0,0,0,0,0,0,0,0,0,0,0,0,0,0,0,0,0,0,0,0,0,0,0,0,0,0,0,0,0,0,0,0,0,0,0,0,0,0,0,0,0,0,0,0,0,0,0,0,0,0,0,0,0,0,0,0,0,0,0,0,0,0,0,0,0,0,0,0,0,0,0,2,0,22,17,0,0,0,17,11,0,0,0,8,17,0,1,6,0,0,6,0,0,0,0,0,0,0,6,6,20,0,0,30,0,0,0,0,0,0,0,0,0,0,130
"waterline",120,12941,12942,0,0,0,0,0,0,0,0,0,0,0,0,0,0,0,0,0,0,0,0,0,0,0,0,0,0,0,0,0,0,0,0,0,0,0,0,0,0,0,0,0,0,0,0,0,0,0,0,0,0,0,0,0,277,0,2344,187,277,0,0,1841,0,277,0,0,204,0,0,115,0,0,0,0,0,0,34,113,94,263,0,1,175,0,0,0,1,1,0,0,21,18,18,0,0,0,0,0,9,23,0,8,18,0,0,0,1,0,5,0,0,0,0,0,0,0,0,0,0,0,0,0,0,0,3,0,0,3,0,0,0,0,0,0,0,0,0,0,0,0,0,0,1,1,0,0,0,0,0,0,0,0,0,0,0,0,0,0,0,0,0,0,0,0,0,0,0,0,0,0,0,0,0,0,0,0,0,0,0,0,0,0,0,0,0,0,0,0,0,0,0,0,0,0,0,0,0,0,0,0,0,0,0,0,0,0,0,0,0,0,0,0,0,0,0,0,0,0,0,0,0,0,0,0,0,0,0,0,0,0,0,0,0,0,0,0,0,0,0,0,0,0,0,265,265,0,4,0,220,79,0,0,0,4,524,0,20,1,0,1,1,0,0,0,0,0,0,1,0,0,837,2,1,516,2,0,0,1,0,0,0,0,0,0,2554
"webpack",2836,50069,50449,371,1,2,0,0,0,0,0,0,0,0,0,0,0,0,0,0,0,0,0,0,0,0,0,0,0,0,0,0,0,0,0,0,0,0,0,0,0,0,0,0,0,0,0,0,0,0,0,0,0,0,0,0,215,0,922,113,212,49,20,469,1,129,0,12,15,0,0,15,0,0,0,0,0,0,6,15,15,50,11,0,47,11,0,0,0,0,0,0,0,0,0,3,8,31,135,20,44,229,7,12,34,0,0,0,0,0,1,0,0,0,0,0,0,0,0,0,0,0,0,0,0,0,0,0,0,0,0,0,0,0,0,0,0,0,0,0,0,0,0,20,2,14,0,4,0,0,0,0,0,0,0,0,0,0,0,0,0,0,0,0,0,0,0,0,0,0,0,0,0,0,0,0,0,0,0,0,0,0,0,0,0,0,0,0,0,0,4,0,1,8,0,0,0,0,0,0,0,0,0,0,0,0,0,0,0,0,0,0,0,0,0,0,0,0,0,0,0,0,0,0,0,0,0,0,0,0,0,0,0,0,1,0,0,0,0,0,0,0,0,129,2,341,290,3,15,3,196,144,3,1,0,21,1303,0,6,50,0,2,33,0,0,0,0,0,0,2,38,23,531,8,0,410,4,0,0,0,3,3,1,0,0,0,3392
"webtorrent",39,5748,5752,0,0,0,0,0,0,0,0,0,0,0,0,0,0,0,0,0,0,0,0,0,0,0,0,0,0,0,0,0,0,0,0,0,0,0,0,0,0,0,0,0,0,0,0,0,0,0,0,0,0,0,0,0,11,0,20,11,11,5,5,17,0,3,0,0,0,0,0,0,0,0,0,0,0,0,0,0,0,5,2,0,5,2,0,0,0,0,0,0,0,0,0,0,0,0,0,0,0,0,0,0,0,0,0,0,0,0,0,0,0,0,0,0,0,0,0,0,0,0,0,0,0,0,0,0,0,0,0,0,0,0,0,0,0,0,0,0,0,0,0,0,0,0,0,0,0,0,0,0,0,0,0,0,0,0,0,0,0,0,0,0,0,0,0,0,0,0,0,0,0,0,0,0,0,0,0,0,0,0,0,0,0,0,0,0,0,0,88,11,4,185,0,0,0,0,58,0,0,0,0,0,0,0,0,0,0,0,0,0,0,0,0,0,0,0,0,0,0,0,0,0,0,0,0,0,0,0,0,0,0,0,0,0,0,0,0,0,0,0,0,387,0,350,349,0,0,0,298,317,0,0,0,280,552,0,3,3,0,0,3,0,0,0,0,0,0,0,3,3,66,0,0,42,0,0,0,0,0,0,0,0,0,0,1188
"wekan",107,11190,11197,0,0,0,0,0,0,0,0,0,0,0,0,0,0,0,0,0,0,0,0,0,0,0,0,0,0,0,0,0,0,0,0,0,0,0,0,0,0,0,0,0,0,0,0,0,0,0,0,0,0,0,0,0,44,0,659,1,44,0,11,179,0,43,0,0,4,0,0,4,0,0,0,0,0,0,0,0,0,5,0,0,5,0,0,0,0,0,0,0,0,0,0,1,1,3,3,1,8,54,1,2,2,1,0,0,1,0,1,0,0,0,0,0,0,0,0,0,0,0,0,0,0,0,0,0,0,0,0,0,0,0,0,0,0,0,0,0,0,0,0,1,0,0,0,2,0,0,0,0,0,0,0,0,0,0,0,0,0,0,0,0,0,0,0,0,0,0,0,0,0,0,0,0,0,0,0,0,0,0,0,0,0,0,0,0,0,0,1,0,0,1,0,0,0,0,0,0,0,0,0,0,0,0,0,0,0,0,0,0,0,0,0,0,0,0,0,0,0,0,0,0,0,0,0,0,0,0,0,0,0,0,0,0,0,0,0,0,0,0,0,9,1,29,27,0,1,0,20,16,0,0,0,9,92,0,0,3,0,0,3,0,0,0,0,0,0,0,1,1,3,0,0,6,0,0,0,0,0,0,0,0,0,0,193
"winston",66,3630,3630,39,0,0,0,0,0,0,0,0,0,0,0,0,0,0,0,0,0,0,0,0,0,0,0,0,0,0,0,0,0,0,0,0,0,0,0,0,0,0,0,0,0,0,0,0,0,0,0,0,0,0,0,0,20,0,46,16,20,3,0,41,0,17,0,0,1,0,0,1,0,0,0,0,0,0,0,1,1,4,0,0,4,0,0,0,0,0,0,0,0,0,0,1,1,0,1,0,0,0,0,0,0,0,0,0,0,0,0,0,0,0,0,0,0,0,0,0,0,0,0,0,0,0,0,0,0,0,0,0,0,0,0,0,0,0,0,0,0,0,0,0,0,0,0,0,0,0,0,0,0,0,0,0,0,0,0,0,0,0,0,0,0,0,0,0,0,0,0,0,0,0,0,0,0,0,0,0,0,0,0,0,0,0,0,0,0,0,10,1,12,32,0,0,0,0,4,0,0,0,0,0,0,0,0,0,0,0,0,0,0,0,0,0,0,0,0,0,5,0,0,4,0,0,0,0,0,0,0,0,0,0,3,2,0,0,0,0,0,0,0,90,0,33,31,0,1,0,14,19,0,0,0,5,106,0,3,2,0,2,1,0,0,0,0,0,0,1,2,1,33,0,0,34,0,0,0,0,0,0,0,0,0,0,290
"yarn",447,0,447,0,0,0,0,0,0,0,0,0,0,0,0,0,0,0,0,0,0,0,0,0,0,0,0,0,0,0,0,0,0,0,0,0,0,0,0,0,0,0,0,0,0,0,0,0,0,0,0,0,0,0,0,0,0,0,0,0,0,0,0,0,0,0,0,0,0,0,0,0,0,0,0,0,0,0,0,0,0,0,0,0,0,0,0,0,0,0,0,0,0,0,0,0,0,0,0,0,0,0,0,0,0,0,0,0,0,0,0,0,0,0,0,0,0,0,0,0,0,0,0,0,0,0,0,0,0,0,0,0,0,0,0,0,0,0,0,0,0,0,0,0,0,0,0,0,0,0,0,0,0,0,0,0,0,0,0,0,0,0,0,0,0,0,0,0,0,0,0,0,0,0,0,0,0,0,0,0,0,0,0,0,0,0,0,0,0,0,0,0,0,0,0,0,0,0,0,0,0,0,0,0,0,0,0,0,0,0,0,0,0,0,0,0,0,0,0,0,0,0,0,0,0,0,0,0,0,0,0,0,0,0,0,0,0,0,0,0,0,0,0,0,0,0,0,0,0,0,0,0,0,0,0,0,0,0,0,0,0,0,0,0,0,0,0,0,0,0,0,0,0,0,0,0,0,0,0,0,0,0,0,0,0,0,0