,repo,alert,break,consoleLog,continue,count,empty,has_error_arguments,lines,noUsageOfErrorArg,reassigningError,rereturn,rethrow,returnErrorObject,returnLiteral,returnNull,returnUndefined,stmts,throwErrorObject,throwLiteral,throwNull,throwUndefined,Unnamed: 0,strict_global,strict_local,total_files,total_logical_lines,type
0,Chart.js.csv,0.0,1.0,0.0,0.0,30,1.0,30.0,277,3.0,1.0,0.0,2.0,0.0,0.0,0.0,0.0,131,0.0,0.0,0.0,0.0,36,True,False,30,27645,client
1,Faker.js.csv,0.0,5.0,5.0,1.0,662,57.0,662.0,1985,336.0,28.0,0.0,15.0,0.0,11.0,0.0,0.0,781,0.0,0.0,0.0,0.0,78,False,True,662,777454,server
2,Ghost.csv,0.0,0.0,0.0,0.0,843,2.0,825.0,5236,29.0,16.0,0.0,20.0,2.0,1.0,0.0,0.0,3016,1.0,0.0,0.0,0.0,62,True,False,843,72322,server
3,JavaScript-Garden.csv,0.0,2.0,0.0,2.0,7,0.0,7.0,98,0.0,0.0,0.0,0.0,0.0,0.0,0.0,0.0,10,0.0,0.0,0.0,0.0,64,False,False,7,2182,client
4,JavaScript-Koans.csv,0.0,3.0,0.0,0.0,64,25.0,64.0,179,12.0,4.0,0.0,0.0,0.0,3.0,0.0,0.0,71,0.0,0.0,0.0,0.0,3,False,False,65,6015,client
5,JavaScript-Load-Image.csv,0.0,6.0,5.0,0.0,258,56.0,258.0,1355,67.0,12.0,0.0,23.0,0.0,33.0,1.0,0.0,437,4.0,0.0,0.0,0.0,13,False,True,258,21148,client
6,JavaScript-MD5.csv,0.0,4.0,3.0,0.0,179,41.0,179.0,894,46.0,10.0,0.0,17.0,0.0,15.0,1.0,0.0,289,4.0,0.0,0.0,0.0,45,False,True,179,12382,server
7,MQTT.js.csv,0.0,0.0,3.0,0.0,82,0.0,64.0,204,22.0,0.0,0.0,9.0,0.0,0.0,0.0,0.0,102,0.0,0.0,0.0,0.0,89,True,False,82,4838,server
8,MagicMirror.csv,0.0,1.0,9.0,2.0,51,0.0,51.0,358,17.0,2.0,0.0,5.0,0.0,1.0,0.0,0.0,99,0.0,0.0,0.0,0.0,38,True,True,51,7435,server
9,Modernizr.csv,0.0,0.0,0.0,0.0,273,76.0,273.0,322,112.0,24.0,0.0,6.0,0.0,63.0,0.0,0.0,237,6.0,0.0,0.0,0.0,79,True,True,273,12497,client
10,NodeBB.csv,0.0,15.0,18.0,2.0,3342,27.0,3341.0,20997,76.0,24.0,0.0,31.0,0.0,28.0,8.0,0.0,8968,0.0,4.0,0.0,0.0,54,True,True,3342,90503,server
11,OS.js.csv,7.0,1.0,6.0,0.0,753,73.0,738.0,4336,72.0,6.0,0.0,0.0,0.0,18.0,2.0,0.0,1171,1.0,0.0,0.0,0.0,39,True,True,753,36187,client
12,PapaParse.csv,0.0,2.0,3.0,0.0,61,0.0,61.0,350,2.0,3.0,0.0,4.0,0.0,2.0,0.0,0.0,122,0.0,0.0,0.0,0.0,18,True,True,61,6037,server
13,PhotoSwipe.csv,0.0,0.0,0.0,0.0,38,0.0,38.0,918,0.0,12.0,0.0,0.0,0.0,8.0,0.0,0.0,190,0.0,0.0,0.0,0.0,43,False,True,38,6061,client
14,Rocket.Chat.csv,2.0,11.0,83.0,4.0,1041,12.0,1038.0,8001,211.0,14.0,0.0,37.0,0.0,23.0,3.0,1.0,2340,24.0,1.0,0.0,0.0,5,True,True,1041,113737,client
15,RxJS.csv,0.0,0.0,16.0,0.0,225,1.0,218.0,207,178.0,3.0,0.0,13.0,0.0,2.0,0.0,0.0,101,7.0,0.0,0.0,0.0,12,True,True,225,14071,server
16,Semantic-UI.csv,0.0,0.0,3.0,0.0,120,28.0,120.0,462,26.0,23.0,0.0,8.0,0.0,15.0,0.0,0.0,166,2.0,0.0,0.0,0.0,77,True,True,120,54434,client
17,UglifyJS2.csv,0.0,0.0,45.0,0.0,229,7.0,228.0,772,56.0,1.0,0.0,46.0,0.0,8.0,1.0,0.0,455,1.0,8.0,0.0,0.0,74,True,True,229,35567,server
18,ajenti.csv,0.0,10.0,0.0,2.0,531,85.0,531.0,6276,82.0,34.0,0.0,5.0,0.0,7.0,6.0,0.0,755,0.0,0.0,0.0,0.0,41,False,True,531,23444,client
19,angular-starter.csv,0.0,0.0,1.0,0.0,2,0.0,2.0,7,1.0,0.0,0.0,1.0,0.0,0.0,0.0,0.0,2,0.0,0.0,0.0,0.0,10,False,False,2,836,client
20,angular-translate.csv,0.0,1.0,1.0,1.0,50,16.0,49.0,1260,6.0,1.0,0.0,0.0,0.0,19.0,1.0,0.0,125,5.0,1.0,0.0,0.0,40,True,True,50,8758,client
21,apidoc.csv,0.0,0.0,8.0,0.0,62,11.0,62.0,409,14.0,6.0,0.0,3.0,0.0,1.0,0.0,0.0,188,3.0,0.0,0.0,0.0,87,False,True,62,3973,server
22,atom.csv,0.0,2.0,7.0,2.0,319,34.0,312.0,1578,32.0,31.0,0.0,20.0,0.0,7.0,10.0,1.0,578,7.0,0.0,0.0,0.0,30,True,False,319,69100,server
23,ava.csv,0.0,1.0,0.0,0.0,167,2.0,167.0,751,2.0,1.0,0.0,15.0,0.0,3.0,5.0,0.0,437,1.0,0.0,0.0,0.0,53,True,False,167,14740,server
24,aws-sdk-js.csv,0.0,0.0,21.0,0.0,1499,84.0,1487.0,6387,371.0,259.0,0.0,69.0,0.0,116.0,5.0,0.0,2979,3.0,2.0,0.0,0.0,86,True,True,1499,443471,server
25,axios.csv,0.0,1.0,0.0,0.0,69,5.0,65.0,634,8.0,2.0,0.0,6.0,0.0,1.0,0.0,0.0,195,2.0,0.0,0.0,0.0,85,True,True,69,5576,server
26,babel.csv,0.0,1.0,2.0,0.0,140,3.0,140.0,633,22.0,24.0,0.0,30.0,0.0,9.0,2.0,0.0,247,2.0,0.0,0.0,0.0,11,True,True,140,44421,client
27,backbone.csv,0.0,4.0,0.0,2.0,181,37.0,178.0,2562,31.0,26.0,0.0,5.0,0.0,19.0,1.0,0.0,447,1.0,0.0,0.0,0.0,76,False,False,182,22147,client
28,bitcoinjs-lib.csv,0.0,0.0,0.0,0.0,46,6.0,46.0,621,1.0,0.0,0.0,4.0,0.0,0.0,0.0,0.0,198,1.0,0.0,0.0,0.0,20,True,False,46,6756,server
29,bluebird.csv,0.0,6.0,11.0,3.0,873,45.0,869.0,6304,146.0,21.0,0.0,34.0,1.0,39.0,4.0,0.0,1738,4.0,0.0,0.0,0.0,40,True,True,873,34252,server
30,bootstrap.csv,0.0,0.0,5.0,0.0,88,2.0,88.0,213,15.0,1.0,0.0,1.0,0.0,0.0,11.0,0.0,140,2.0,0.0,0.0,0.0,49,False,True,88,15031,client
31,brackets.csv,0.0,25.0,94.0,1.0,2461,488.0,2459.0,13035,614.0,199.0,0.0,21.0,0.0,78.0,3.0,3.0,4001,3.0,2.0,0.0,0.0,46,True,True,2463,304921,client
32,card.csv,0.0,0.0,0.0,2.0,56,0.0,56.0,640,2.0,18.0,0.0,0.0,0.0,2.0,0.0,0.0,262,0.0,0.0,0.0,0.0,70,False,True,56,3625,client
33,cheerio.csv,0.0,0.0,1.0,0.0,5,1.0,4.0,13,1.0,0.0,0.0,0.0,0.0,0.0,0.0,0.0,9,0.0,0.0,0.0,0.0,22,False,False,5,5428,server
34,closure-compiler.csv,0.0,2.0,0.0,0.0,347,7.0,344.0,382,226.0,10.0,0.0,4.0,0.0,16.0,0.0,0.0,249,7.0,11.0,0.0,0.0,75,False,True,347,74632,server
35,closure-library.csv,3.0,46.0,0.0,8.0,1866,93.0,1866.0,9411,372.0,96.0,0.0,56.0,0.0,125.0,45.0,1.0,4092,12.0,0.0,0.0,0.0,63,False,True,1869,424337,client
36,clumsy-bird.csv,0.0,1.0,0.0,0.0,78,4.0,78.0,415,22.0,7.0,0.0,0.0,0.0,0.0,0.0,0.0,139,2.0,0.0,0.0,0.0,27,False,True,78,8242,client
37,co.csv,0.0,0.0,0.0,0.0,60,0.0,59.0,137,0.0,8.0,0.0,1.0,0.0,0.0,1.0,0.0,74,0.0,0.0,0.0,0.0,82,False,False,60,730,server
38,create-react-app.csv,0.0,1.0,13.0,0.0,50,7.0,47.0,265,14.0,2.0,0.0,7.0,0.0,6.0,2.0,0.0,103,2.0,0.0,0.0,0.0,28,True,False,50,3120,client
39,d3.csv,0.0,0.0,0.0,0.0,3,0.0,3.0,13,0.0,0.0,0.0,0.0,0.0,0.0,0.0,0.0,3,0.0,0.0,0.0,0.0,32,False,False,3,116,client
40,democracyos.csv,0.0,1.0,21.0,0.0,323,0.0,319.0,2582,12.0,6.0,0.0,10.0,0.0,0.0,0.0,0.0,805,3.0,0.0,0.0,0.0,2,True,False,323,12612,client
41,docco.csv,0.0,0.0,0.0,0.0,3,0.0,3.0,23,0.0,0.0,0.0,1.0,0.0,0.0,0.0,0.0,11,0.0,0.0,0.0,0.0,59,False,False,3,246,server
42,docsify.csv,0.0,0.0,0.0,0.0,37,1.0,37.0,140,7.0,7.0,0.0,4.0,0.0,0.0,0.0,0.0,64,1.0,0.0,0.0,0.0,32,False,False,37,7095,server
43,dragula.csv,0.0,0.0,0.0,0.0,22,4.0,22.0,318,0.0,0.0,0.0,0.0,0.0,0.0,0.0,0.0,142,0.0,0.0,0.0,0.0,37,True,True,22,2772,client
44,dropzone.csv,0.0,4.0,0.0,0.0,77,10.0,77.0,537,22.0,7.0,0.0,0.0,0.0,0.0,0.0,0.0,129,0.0,0.0,0.0,0.0,78,True,False,77,5173,client
45,drywall.csv,0.0,0.0,3.0,0.0,228,0.0,228.0,2229,2.0,0.0,0.0,0.0,0.0,0.0,0.0,0.0,576,0.0,0.0,0.0,0.0,55,True,True,228,8487,server
46,echarts.csv,0.0,10.0,2.0,0.0,588,67.0,588.0,6991,48.0,23.0,0.0,30.0,0.0,10.0,0.0,0.0,1973,19.0,0.0,0.0,0.0,75,False,True,588,318908,client
47,electron.csv,0.0,0.0,10.0,0.0,469,21.0,448.0,2070,70.0,5.0,0.0,14.0,0.0,4.0,1.0,0.0,907,1.0,0.0,0.0,0.0,13,True,False,470,27604,server
48,engine.csv,0.0,0.0,0.0,0.0,87,2.0,87.0,681,10.0,1.0,0.0,0.0,0.0,0.0,3.0,0.0,208,0.0,0.0,0.0,0.0,60,False,True,87,54638,client
49,eslint-plugin-react.csv,0.0,0.0,0.0,0.0,7,0.0,7.0,24,4.0,0.0,0.0,0.0,0.0,0.0,0.0,0.0,12,0.0,0.0,0.0,0.0,24,True,False,7,29567,client
50,eslint.csv,0.0,0.0,0.0,1.0,219,38.0,218.0,675,47.0,8.0,0.0,58.0,0.0,18.0,1.0,0.0,321,1.0,0.0,0.0,0.0,2,True,True,219,192391,server
51,express.csv,0.0,0.0,0.0,1.0,163,0.0,163.0,812,20.0,6.0,0.0,3.0,0.0,0.0,0.0,2.0,429,2.0,0.0,0.0,0.0,50,True,False,163,10774,server
52,expressjs.com.csv,0.0,1.0,0.0,0.0,23,0.0,23.0,160,2.0,1.0,0.0,0.0,0.0,1.0,0.0,0.0,55,0.0,0.0,0.0,0.0,57,False,False,23,695,server
53,fetch.csv,0.0,1.0,0.0,0.0,24,0.0,24.0,123,3.0,0.0,0.0,1.0,0.0,3.0,0.0,0.0,46,0.0,0.0,0.0,0.0,38,False,False,24,1941,client
54,fingerprintjs2.csv,0.0,0.0,1.0,0.0,68,10.0,68.0,128,23.0,14.0,0.0,1.0,0.0,8.0,5.0,0.0,80,0.0,0.0,0.0,0.0,52,True,True,68,6103,client
55,flowchart.js.csv,0.0,0.0,1.0,0.0,1,0.0,1.0,5,0.0,0.0,0.0,0.0,0.0,0.0,0.0,0.0,2,0.0,0.0,0.0,0.0,25,False,True,1,2969,server
56,forever.csv,0.0,0.0,0.0,0.0,58,4.0,54.0,283,12.0,0.0,0.0,0.0,0.0,0.0,0.0,0.0,135,0.0,0.0,0.0,0.0,16,False,False,58,1592,server
57,framework.csv,0.0,0.0,0.0,0.0,9,0.0,7.0,16,3.0,0.0,0.0,0.0,0.0,0.0,0.0,0.0,9,0.0,0.0,0.0,0.0,22,True,True,9,3471,client
58,fullPage.js.csv,0.0,5.0,0.0,0.0,58,0.0,58.0,940,5.0,3.0,0.0,0.0,0.0,3.0,0.0,0.0,253,0.0,0.0,0.0,0.0,80,False,True,58,10864,client
59,grunt.csv,0.0,0.0,3.0,0.0,34,0.0,34.0,102,8.0,0.0,0.0,4.0,0.0,4.0,0.0,0.0,63,2.0,0.0,0.0,0.0,34,True,True,34,3582,server
60,gulp.csv,0.0,0.0,0.0,0.0,7,0.0,7.0,19,0.0,0.0,0.0,0.0,0.0,0.0,0.0,0.0,19,0.0,0.0,0.0,0.0,42,True,False,7,362,server
61,handlebars.js.csv,0.0,0.0,0.0,0.0,71,1.0,71.0,433,4.0,6.0,0.0,19.0,0.0,0.0,0.0,0.0,165,10.0,0.0,0.0,0.0,0,False,True,71,11272,server
62,hapi.csv,0.0,0.0,0.0,0.0,51,1.0,50.0,195,12.0,3.0,0.0,2.0,0.0,3.0,0.0,0.0,95,1.0,0.0,0.0,0.0,17,True,False,51,24530,server
63,hexo.csv,0.0,0.0,0.0,0.0,153,0.0,151.0,312,3.0,0.0,0.0,8.0,0.0,0.0,0.0,0.0,201,0.0,0.0,0.0,0.0,72,True,False,153,19720,server
64,highcharts-ng.csv,0.0,0.0,0.0,0.0,6,6.0,6.0,0,0.0,0.0,0.0,0.0,0.0,0.0,0.0,0.0,0,0.0,0.0,0.0,0.0,56,True,True,6,1443,client
65,history.js.csv,0.0,54.0,0.0,34.0,2477,339.0,2476.0,24518,430.0,230.0,0.0,97.0,0.0,79.0,6.0,0.0,4347,75.0,0.0,0.0,0.0,65,False,True,2478,123451,client
66,homebridge.csv,0.0,0.0,0.0,2.0,6,0.0,6.0,20,1.0,0.0,0.0,2.0,0.0,0.0,0.0,0.0,18,1.0,0.0,0.0,0.0,96,False,False,6,1437,server
67,hospitalrun-frontend.csv,0.0,221.0,51.0,41.0,14454,254.0,14365.0,182462,890.0,804.0,0.0,225.0,3.0,196.0,68.0,0.0,28550,366.0,7.0,0.0,0.0,50,True,True,14454,203782,client
68,howler.js.csv,0.0,0.0,0.0,0.0,34,8.0,32.0,72,18.0,0.0,0.0,0.0,0.0,0.0,0.0,0.0,42,0.0,0.0,0.0,0.0,48,True,True,34,5041,client
69,http-server.csv,0.0,0.0,0.0,0.0,12,0.0,12.0,18,8.0,0.0,0.0,0.0,0.0,0.0,0.0,0.0,16,0.0,0.0,0.0,0.0,28,True,False,12,248,server
70,iD.csv,0.0,1.0,4.0,2.0,192,13.0,183.0,1411,53.0,5.0,0.0,0.0,0.0,2.0,1.0,0.0,424,0.0,0.0,0.0,0.0,31,False,True,192,63564,server
71,immutable-js.csv,0.0,0.0,1.0,0.0,21,3.0,21.0,45,3.0,4.0,0.0,1.0,0.0,1.0,0.0,0.0,23,1.0,0.0,0.0,0.0,66,False,False,21,6662,server
72,impress.js.csv,0.0,0.0,0.0,0.0,26,0.0,26.0,274,2.0,2.0,0.0,12.0,0.0,2.0,0.0,0.0,104,0.0,0.0,0.0,0.0,68,True,True,26,5248,client
73,intro.js.csv,0.0,1.0,0.0,0.0,85,28.0,85.0,410,21.0,5.0,0.0,2.0,0.0,6.0,0.0,0.0,155,0.0,0.0,0.0,0.0,58,False,True,85,10513,client
74,jQuery-File-Upload.csv,0.0,2.0,0.0,0.0,95,13.0,95.0,693,31.0,4.0,0.0,0.0,0.0,25.0,0.0,0.0,219,0.0,0.0,0.0,0.0,72,False,True,95,4287,client
75,javascript-state-machine.csv,0.0,0.0,0.0,0.0,10,0.0,10.0,359,9.0,0.0,0.0,0.0,0.0,0.0,0.0,0.0,20,0.0,0.0,0.0,0.0,6,True,True,10,8441,server
76,javascripting.csv,0.0,0.0,0.0,0.0,4,0.0,4.0,38,0.0,0.0,0.0,0.0,0.0,0.0,0.0,0.0,9,0.0,0.0,0.0,0.0,51,False,False,4,253,server
77,johnny-five.csv,0.0,0.0,3.0,0.0,25,0.0,24.0,257,7.0,0.0,0.0,0.0,0.0,0.0,0.0,0.0,76,0.0,0.0,0.0,0.0,93,True,False,25,56623,server
78,joi.csv,0.0,2.0,0.0,0.0,80,5.0,78.0,372,29.0,28.0,0.0,10.0,1.0,0.0,1.0,0.0,125,2.0,0.0,0.0,0.0,69,True,False,80,40168,client
79,jquery-modal.csv,0.0,0.0,0.0,0.0,5,0.0,5.0,27,0.0,0.0,0.0,2.0,0.0,0.0,0.0,0.0,5,0.0,0.0,0.0,0.0,55,False,False,5,1345,client
80,jsdoc.csv,0.0,6.0,8.0,4.0,180,6.0,180.0,872,28.0,12.0,0.0,10.0,0.0,6.0,10.0,0.0,396,2.0,0.0,0.0,0.0,74,True,True,90,22475,client
81,jsdoc.csv,0.0,6.0,8.0,4.0,180,6.0,180.0,872,28.0,12.0,0.0,10.0,0.0,6.0,10.0,0.0,396,2.0,0.0,0.0,0.0,90,True,True,90,22475,server
82,jsdom.csv,0.0,1.0,1.0,0.0,502,28.0,499.0,1042,39.0,5.0,0.0,7.0,0.0,9.0,7.0,0.0,629,0.0,0.0,0.0,0.0,1,True,False,503,58752,server
83,koa.csv,0.0,0.0,0.0,0.0,50,0.0,49.0,181,3.0,1.0,0.0,1.0,0.0,1.0,0.0,0.0,144,0.0,0.0,0.0,0.0,33,True,False,50,4106,server
84,kue.csv,0.0,0.0,3.0,0.0,82,0.0,82.0,673,12.0,4.0,0.0,2.0,0.0,2.0,0.0,0.0,204,0.0,0.0,0.0,0.0,61,False,False,82,3771,server
85,lazysizes.csv,0.0,1.0,1.0,0.0,80,7.0,80.0,574,23.0,0.0,0.0,0.0,0.0,0.0,0.0,0.0,223,0.0,0.0,0.0,0.0,33,False,True,80,6460,client
86,lightbox.csv,0.0,0.0,0.0,0.0,6,0.0,6.0,6,6.0,0.0,0.0,0.0,0.0,0.0,0.0,0.0,6,0.0,0.0,0.0,0.0,0,True,True,6,1359,client
87,list.js.csv,0.0,0.0,0.0,0.0,33,0.0,33.0,179,0.0,5.0,0.0,3.0,0.0,0.0,0.0,0.0,74,0.0,0.0,0.0,0.0,31,False,True,33,7577,client
88,lodash.csv,0.0,0.0,0.0,0.0,3,2.0,3.0,1,0.0,0.0,0.0,0.0,0.0,0.0,0.0,0.0,1,0.0,0.0,0.0,0.0,27,False,False,3,5181,server
89,loopback.csv,0.0,2.0,8.0,0.0,1022,4.0,1022.0,8061,142.0,13.0,0.0,1.0,0.0,2.0,0.0,0.0,2811,1.0,0.0,0.0,0.0,5,True,False,1022,25973,server
90,mapbox-gl-js.csv,0.0,0.0,12.0,0.0,267,0.0,231.0,1542,35.0,4.0,0.0,3.0,0.0,0.0,0.0,0.0,570,1.0,0.0,0.0,0.0,1,True,True,267,39411,client
91,markdown-here.csv,0.0,0.0,8.0,0.0,112,5.0,112.0,527,35.0,10.0,0.0,9.0,0.0,10.0,0.0,0.0,214,0.0,0.0,0.0,0.0,59,True,True,113,15911,client
92,materialize.csv,0.0,16.0,0.0,0.0,422,4.0,422.0,4152,82.0,8.0,0.0,0.0,0.0,46.0,4.0,0.0,1462,0.0,0.0,0.0,0.0,66,False,True,211,19932,client
93,materialize.csv,0.0,16.0,0.0,0.0,422,4.0,422.0,4152,82.0,8.0,0.0,0.0,0.0,46.0,4.0,0.0,1462,0.0,0.0,0.0,0.0,77,False,True,211,19932,server
94,metalsmith.csv,0.0,0.0,0.0,0.0,44,0.0,44.0,286,7.0,0.0,0.0,6.0,0.0,2.0,0.0,0.0,147,1.0,0.0,0.0,0.0,23,False,False,44,1074,server
95,meteor.csv,2.0,42.0,22.0,12.0,2394,224.0,2382.0,19634,440.0,182.0,0.0,308.0,0.0,138.0,54.0,0.0,6596,34.0,0.0,0.0,0.0,12,True,True,1199,194381,client
96,meteor.csv,2.0,42.0,22.0,12.0,2394,224.0,2382.0,19634,440.0,182.0,0.0,308.0,0.0,138.0,54.0,0.0,6596,34.0,0.0,0.0,0.0,11,True,True,1199,194381,server
97,mithril.js.csv,0.0,0.0,4.0,0.0,393,15.0,386.0,1176,156.0,36.0,0.0,32.0,0.0,2.0,0.0,0.0,559,8.0,0.0,0.0,0.0,35,True,True,393,27226,client
98,mobx.csv,0.0,0.0,0.0,0.0,6,0.0,6.0,34,0.0,0.0,0.0,0.0,0.0,0.0,0.0,0.0,9,0.0,0.0,0.0,0.0,47,False,False,6,168,server
99,mocha.csv,0.0,0.0,5.0,0.0,201,3.0,201.0,1302,14.0,10.0,0.0,3.0,0.0,3.0,0.0,0.0,638,1.0,0.0,0.0,0.0,7,True,True,201,13950,server
100,mojs.csv,0.0,0.0,1.0,0.0,52,15.0,52.0,120,24.0,0.0,0.0,0.0,0.0,3.0,0.0,0.0,62,0.0,0.0,0.0,0.0,16,False,True,52,38399,client
101,moment-timezone.csv,0.0,0.0,0.0,0.0,9,6.0,9.0,17,0.0,0.0,0.0,3.0,0.0,0.0,0.0,0.0,11,0.0,0.0,0.0,0.0,80,True,True,9,30576,server
102,moment.csv,0.0,0.0,1.0,0.0,22,7.0,22.0,26,12.0,1.0,0.0,0.0,0.0,0.0,0.0,0.0,20,0.0,0.0,0.0,0.0,81,True,True,22,161791,server
103,mongo-express.csv,0.0,0.0,3.0,1.0,70,2.0,70.0,888,4.0,0.0,0.0,1.0,0.0,0.0,1.0,0.0,207,0.0,0.0,0.0,0.0,19,True,False,70,2856,server
104,mongoose.csv,0.0,3.0,68.0,3.0,3179,1.0,3166.0,36676,111.0,69.0,0.0,148.0,0.0,3.0,2.0,0.0,10936,2.0,0.0,0.0,0.0,95,True,False,3179,81426,server
105,mousetrap.csv,0.0,0.0,5.0,2.0,124,13.0,124.0,587,21.0,24.0,0.0,9.0,0.0,14.0,0.0,0.0,247,0.0,0.0,0.0,0.0,30,False,True,125,8793,client
106,mysql.csv,0.0,0.0,3.0,0.0,574,1.0,570.0,5155,6.0,34.0,0.0,24.0,0.0,1.0,0.0,0.0,2051,12.0,0.0,0.0,0.0,26,False,False,574,13059,server
107,natural.csv,0.0,0.0,11.0,0.0,47,0.0,47.0,318,12.0,1.0,0.0,2.0,0.0,0.0,0.0,0.0,104,0.0,0.0,0.0,0.0,73,True,True,47,18315,server
108,nedb.csv,0.0,26.0,26.0,0.0,1199,3.0,1198.0,13524,206.0,61.0,0.0,46.0,0.0,43.0,0.0,0.0,3041,18.0,0.0,0.0,0.0,63,False,True,1199,27886,server
109,nightwatch.csv,0.0,0.0,4.0,0.0,293,11.0,278.0,1194,32.0,16.0,0.0,20.0,2.0,8.0,2.0,0.0,555,2.0,0.0,0.0,0.0,4,False,False,293,25031,server
110,node-http-proxy.csv,0.0,0.0,3.0,0.0,34,0.0,32.0,122,6.0,3.0,0.0,2.0,0.0,0.0,0.0,0.0,87,0.0,0.0,0.0,0.0,84,False,False,34,3102,server
111,node-inspector.csv,0.0,10.0,9.0,5.0,529,26.0,528.0,4159,57.0,9.0,0.0,24.0,0.0,16.0,7.0,0.0,1461,2.0,0.0,0.0,0.0,44,False,True,529,115539,server
112,node-mongodb-native.csv,0.0,18.0,14.0,0.0,4626,50.0,4614.0,73153,302.0,65.0,0.0,77.0,0.0,38.0,2.0,0.0,14333,11.0,0.0,0.0,0.0,92,True,True,4626,88381,server
113,node-opencv.csv,0.0,1.0,37.0,2.0,96,0.0,96.0,1022,41.0,2.0,0.0,32.0,0.0,0.0,0.0,0.0,451,17.0,1.0,0.0,0.0,83,True,False,96,2138,server
114,node-postgres.csv,0.0,0.0,13.0,0.0,166,0.0,164.0,1117,26.0,5.0,0.0,14.0,0.0,0.0,0.0,0.0,428,2.0,0.0,0.0,0.0,94,True,False,166,6904,server
115,node-restify.csv,0.0,1.0,1.0,0.0,490,5.0,490.0,2459,61.0,4.0,0.0,0.0,0.0,4.0,0.0,0.0,1530,2.0,0.0,0.0,0.0,76,True,False,490,13827,server
116,node-serialport.csv,0.0,0.0,17.0,0.0,238,0.0,238.0,869,0.0,9.0,0.0,8.0,0.0,0.0,0.0,0.0,497,1.0,0.0,0.0,0.0,65,True,False,238,5169,server
117,node.csv,0.0,686.0,159.0,43.0,6495,316.0,6395.0,134473,807.0,1365.0,0.0,790.0,0.0,174.0,27.0,3.0,28475,47.0,5.0,0.0,0.0,35,True,True,6495,932438,server
118,nodemailer.csv,0.0,0.0,4.0,0.0,328,13.0,328.0,2152,2.0,4.0,0.0,0.0,0.0,1.0,0.0,0.0,1006,0.0,0.0,0.0,0.0,24,True,False,328,13807,server
119,nodemon.csv,0.0,0.0,2.0,0.0,43,6.0,38.0,175,18.0,2.0,0.0,4.0,0.0,3.0,0.0,0.0,67,0.0,0.0,0.0,0.0,10,True,False,43,4408,server
120,notifyjs.csv,0.0,0.0,0.0,0.0,5,0.0,5.0,8,4.0,0.0,0.0,0.0,0.0,0.0,0.0,0.0,6,0.0,0.0,0.0,0.0,18,False,False,5,608,client
121,nuxt.js.csv,0.0,0.0,1.0,0.0,35,2.0,34.0,251,2.0,3.0,0.0,2.0,0.0,0.0,2.0,0.0,69,0.0,0.0,0.0,0.0,8,False,False,35,8671,server
122,openlayers.csv,1.0,1.0,2.0,1.0,272,3.0,262.0,1182,40.0,1.0,0.0,0.0,0.0,1.0,1.0,1.0,487,1.0,0.0,0.0,0.0,71,False,False,272,86763,server
123,openui5.csv,5.0,134.0,30.0,33.0,5186,382.0,5079.0,134572,1596.0,261.0,0.0,226.0,1.0,278.0,67.0,23.0,15364,86.0,5.0,0.0,0.0,34,True,True,5203,1137763,client
124,passport.csv,0.0,0.0,0.0,0.0,101,0.0,101.0,379,1.0,85.0,0.0,0.0,0.0,0.0,0.0,0.0,276,0.0,0.0,0.0,0.0,64,False,False,101,6476,server
125,pdf.js.csv,0.0,12.0,12.0,8.0,602,19.0,576.0,4272,103.0,12.0,0.0,58.0,0.0,11.0,1.0,2.0,1367,12.0,0.0,0.0,0.0,73,True,True,603,76529,client
126,peerflix.csv,0.0,0.0,0.0,0.0,1,0.0,1.0,129,0.0,0.0,0.0,0.0,0.0,0.0,0.0,0.0,9,0.0,0.0,0.0,0.0,97,False,False,1,184,server
127,perfect-scrollbar.csv,0.0,4.0,5.0,0.0,71,0.0,71.0,926,4.0,0.0,0.0,0.0,0.0,4.0,0.0,0.0,307,0.0,0.0,0.0,0.0,61,True,True,71,4547,client
128,phaser.csv,0.0,0.0,4.0,0.0,227,20.0,219.0,459,121.0,4.0,0.0,1.0,0.0,28.0,0.0,0.0,258,4.0,0.0,0.0,0.0,19,True,True,227,184376,client
129,plyr.csv,0.0,0.0,1.0,0.0,330,48.0,285.0,709,153.0,6.0,0.0,25.0,0.0,50.0,5.0,0.0,329,8.0,0.0,0.0,0.0,62,False,True,330,22601,client
130,pm2.csv,0.0,0.0,87.0,0.0,864,31.0,864.0,6237,168.0,5.0,0.0,10.0,3.0,33.0,6.0,0.0,2139,2.0,0.0,0.0,0.0,69,True,True,864,18740,server
131,postcss.csv,0.0,0.0,0.0,0.0,13,0.0,13.0,38,0.0,4.0,0.0,5.0,0.0,0.0,0.0,0.0,19,0.0,0.0,0.0,0.0,21,False,False,13,3864,server
132,pouchdb.csv,0.0,72.0,19.0,14.0,3300,61.0,3285.0,41952,432.0,208.0,0.0,100.0,0.0,66.0,10.0,0.0,7365,28.0,8.0,0.0,0.0,39,True,True,3300,90659,server
133,prettier.csv,0.0,0.0,3.0,0.0,100,3.0,96.0,502,31.0,2.0,0.0,12.0,1.0,4.0,1.0,0.0,163,2.0,0.0,0.0,0.0,17,True,True,100,20602,client
134,progressbar.js.csv,0.0,0.0,0.0,0.0,4,1.0,4.0,27,1.0,0.0,0.0,0.0,0.0,0.0,0.0,0.0,10,0.0,0.0,0.0,0.0,8,False,True,4,2572,client
135,protobuf.js.csv,0.0,1.0,2.0,0.0,196,16.0,195.0,1444,23.0,4.0,0.0,18.0,0.0,3.0,10.0,15.0,468,0.0,0.0,0.0,0.0,56,True,True,196,34207,server
136,pug.csv,0.0,0.0,7.0,0.0,58,1.0,58.0,263,11.0,3.0,0.0,25.0,0.0,2.0,0.0,0.0,125,0.0,0.0,0.0,0.0,48,True,False,58,7093,server
137,ratchet.csv,0.0,0.0,0.0,0.0,61,0.0,61.0,805,6.0,12.0,0.0,0.0,0.0,0.0,0.0,0.0,445,0.0,0.0,0.0,0.0,6,True,True,61,3027,client
138,raven-js.csv,0.0,1.0,9.0,0.0,364,62.0,359.0,1090,95.0,23.0,0.0,42.0,0.0,29.0,0.0,0.0,538,1.0,0.0,0.0,0.0,7,True,False,365,23790,client
139,react-native.csv,0.0,10.0,12.0,8.0,321,68.0,320.0,1762,53.0,49.0,0.0,10.0,0.0,13.0,5.0,0.0,511,6.0,0.0,0.0,0.0,67,True,True,321,48303,server
140,reactGo.csv,0.0,0.0,14.0,0.0,45,0.0,40.0,280,15.0,0.0,0.0,0.0,0.0,0.0,0.0,0.0,90,0.0,0.0,0.0,0.0,52,False,False,45,2651,server
141,remark.csv,0.0,0.0,0.0,0.0,10,0.0,10.0,69,2.0,0.0,0.0,3.0,0.0,0.0,0.0,0.0,17,0.0,0.0,0.0,0.0,71,False,False,10,13241,client
142,request.csv,0.0,0.0,0.0,0.0,230,0.0,228.0,1075,37.0,2.0,0.0,0.0,0.0,0.0,0.0,0.0,902,1.0,0.0,0.0,0.0,37,True,False,230,9978,server
143,reveal.js.csv,2.0,3.0,0.0,0.0,223,2.0,223.0,7970,4.0,10.0,0.0,6.0,0.0,4.0,2.0,2.0,445,3.0,0.0,0.0,0.0,44,False,True,224,18122,client
144,riot.csv,0.0,0.0,4.0,0.0,84,0.0,84.0,454,16.0,13.0,0.0,4.0,0.0,0.0,8.0,0.0,179,2.0,0.0,0.0,0.0,26,False,True,84,21876,client
145,sails.csv,0.0,5.0,10.0,0.0,1352,23.0,1352.0,9725,66.0,14.0,0.0,66.0,0.0,4.0,3.0,1.0,3362,45.0,0.0,0.0,0.0,15,False,True,1352,27226,server
146,scrollreveal.csv,0.0,0.0,0.0,0.0,39,0.0,39.0,47,2.0,0.0,0.0,4.0,0.0,0.0,0.0,0.0,47,0.0,0.0,0.0,0.0,42,False,True,39,3515,client
147,sequelize.csv,0.0,4.0,0.0,0.0,198,0.0,192.0,1337,6.0,13.0,0.0,19.0,0.0,4.0,0.0,0.0,423,7.0,0.0,0.0,0.0,49,True,False,198,82999,server
148,session.csv,0.0,0.0,0.0,0.0,101,0.0,101.0,715,0.0,0.0,0.0,0.0,0.0,0.0,0.0,0.0,248,0.0,0.0,0.0,0.0,60,True,False,101,2642,server
149,showdown.csv,0.0,0.0,0.0,0.0,9,0.0,9.0,16,1.0,0.0,0.0,0.0,0.0,0.0,0.0,0.0,13,0.0,0.0,0.0,0.0,91,True,True,9,8686,server
150,simditor.csv,2.0,0.0,0.0,0.0,272,0.0,272.0,2074,126.0,60.0,0.0,1.0,0.0,98.0,4.0,0.0,958,0.0,0.0,0.0,0.0,67,False,False,272,11599,client
151,sinon.csv,0.0,1.0,7.0,1.0,13311,3898.0,13306.0,20094,3537.0,2615.0,0.0,597.0,51.0,1665.0,325.0,0.0,12586,0.0,0.0,0.0,0.0,9,True,True,13311,900711,server
152,smooth-scroll.csv,0.0,0.0,0.0,0.0,20,0.0,20.0,20,20.0,0.0,0.0,0.0,0.0,0.0,0.0,0.0,20,0.0,0.0,0.0,0.0,57,False,True,20,1893,client
153,socket.io.csv,0.0,0.0,0.0,0.0,71,1.0,67.0,271,25.0,0.0,0.0,0.0,0.0,0.0,0.0,0.0,174,0.0,0.0,0.0,0.0,46,True,False,71,4779,server
154,sockjs-client.csv,0.0,14.0,0.0,0.0,417,119.0,417.0,1468,93.0,0.0,0.0,0.0,0.0,9.0,5.0,0.0,764,6.0,0.0,0.0,0.0,23,True,True,417,8153,client
155,sockjs-node.csv,0.0,0.0,0.0,0.0,1,0.0,1.0,7,1.0,0.0,0.0,0.0,0.0,0.0,0.0,0.0,1,0.0,0.0,0.0,0.0,14,False,False,1,275,server
156,spectron.csv,0.0,0.0,0.0,0.0,18,2.0,18.0,154,4.0,0.0,0.0,2.0,0.0,0.0,0.0,0.0,44,0.0,0.0,0.0,0.0,70,False,False,18,5653,server
157,standard.csv,0.0,0.0,0.0,0.0,11,0.0,11.0,130,0.0,0.0,0.0,1.0,0.0,0.0,0.0,0.0,27,0.0,0.0,0.0,0.0,88,False,False,11,202,server
158,steal.csv,0.0,51.0,15.0,18.0,3082,179.0,3081.0,32899,327.0,76.0,0.0,185.0,3.0,83.0,29.0,23.0,5732,37.0,0.0,0.0,0.0,53,True,True,3090,172138,client
159,store.js.csv,0.0,0.0,5.0,0.0,15,0.0,15.0,79,8.0,0.0,0.0,2.0,0.0,2.0,0.0,0.0,33,3.0,0.0,0.0,0.0,3,False,True,15,2530,server
160,summernote.csv,0.0,0.0,2.0,0.0,39,1.0,39.0,416,0.0,0.0,0.0,0.0,0.0,1.0,0.0,0.0,95,0.0,0.0,0.0,0.0,47,False,True,39,16356,client
161,superagent.csv,0.0,0.0,1.0,0.0,801,9.0,800.0,2340,168.0,8.0,0.0,1.0,0.0,2.0,0.0,0.0,1235,0.0,0.0,0.0,0.0,36,True,False,801,7331,server
162,svg.js.csv,0.0,0.0,0.0,0.0,66,8.0,66.0,181,11.0,6.0,0.0,1.0,0.0,0.0,0.0,0.0,88,1.0,0.0,0.0,0.0,29,True,False,66,21461,client
163,svgo.csv,0.0,0.0,1.0,2.0,34,0.0,34.0,145,2.0,6.0,0.0,7.0,0.0,1.0,0.0,0.0,58,0.0,0.0,0.0,0.0,58,True,False,34,6322,server
164,three.js.csv,3.0,313.0,8.0,16.0,1488,29.0,1479.0,98225,100.0,682.0,0.0,238.0,0.0,171.0,9.0,0.0,23375,6.0,0.0,0.0,0.0,14,True,True,1488,501621,client
165,timesheet.js.csv,0.0,0.0,0.0,0.0,1,0.0,1.0,1,1.0,0.0,0.0,0.0,0.0,0.0,0.0,0.0,1,0.0,0.0,0.0,0.0,21,False,True,1,318,client
166,tinymce.csv,0.0,0.0,0.0,0.0,18,2.0,18.0,146,1.0,4.0,0.0,0.0,0.0,2.0,0.0,0.0,38,0.0,0.0,0.0,0.0,4,False,False,18,1751,client
167,ui-router.csv,0.0,18.0,0.0,9.0,918,102.0,918.0,13258,63.0,36.0,0.0,93.0,0.0,33.0,5.0,0.0,1902,3.0,0.0,0.0,0.0,54,False,True,918,61810,client
168,underscore.csv,0.0,1.0,0.0,0.0,54,6.0,54.0,343,3.0,9.0,0.0,2.0,0.0,3.0,0.0,2.0,107,0.0,0.0,0.0,0.0,15,False,True,55,10802,client
169,validator.js.csv,0.0,0.0,0.0,0.0,7,4.0,7.0,4,2.0,0.0,0.0,0.0,0.0,0.0,0.0,0.0,4,0.0,0.0,0.0,0.0,20,True,True,7,7729,client
170,waterline.csv,0.0,18.0,4.0,0.0,555,0.0,554.0,5202,5.0,20.0,0.0,94.0,2.0,2.0,0.0,0.0,1167,35.0,0.0,0.0,0.0,79,False,False,555,13171,server
171,web3.js.csv,0.0,6.0,0.0,0.0,346,30.0,346.0,1645,154.0,23.0,0.0,0.0,0.0,31.0,0.0,0.0,617,19.0,0.0,0.0,0.0,45,True,True,346,40401,client
172,webogram.csv,4.0,582.0,85.0,44.0,3452,293.0,3449.0,140078,382.0,1110.0,0.0,500.0,0.0,239.0,36.0,0.0,35210,18.0,0.0,0.0,0.0,51,True,True,3452,420227,client
173,webpack.csv,0.0,0.0,11.0,1.0,560,49.0,560.0,4456,39.0,18.0,0.0,37.0,0.0,18.0,0.0,0.0,1368,8.0,0.0,0.0,0.0,68,True,True,560,52208,server
174,webtorrent.csv,0.0,0.0,0.0,0.0,361,5.0,361.0,1027,5.0,3.0,0.0,3.0,0.0,2.0,0.0,0.0,594,0.0,0.0,0.0,0.0,43,False,False,361,5753,server
175,wekan.csv,1.0,0.0,1.0,0.0,78,0.0,77.0,328,13.0,0.0,0.0,1.0,0.0,0.0,0.0,0.0,96,0.0,0.0,0.0,0.0,41,False,False,78,12702,server
176,winston.csv,0.0,0.0,1.0,0.0,52,3.0,52.0,330,1.0,3.0,0.0,2.0,0.0,0.0,0.0,0.0,116,1.0,0.0,0.0,0.0,29,True,False,52,3664,server
177,zeroclipboard.csv,0.0,0.0,0.0,0.0,72,5.0,56.0,292,33.0,10.0,0.0,0.0,0.0,0.0,5.0,0.0,173,0.0,0.0,0.0,0.0,25,False,True,72,8617,client
